-- MySQL dump 10.13  Distrib 8.0.27, for Linux (x86_64)
--
-- Host: localhost    Database: verissa
-- ------------------------------------------------------
-- Server version	8.0.27

/*!40101 SET @OLD_CHARACTER_SET_CLIENT=@@CHARACTER_SET_CLIENT */;
/*!40101 SET @OLD_CHARACTER_SET_RESULTS=@@CHARACTER_SET_RESULTS */;
/*!40101 SET @OLD_COLLATION_CONNECTION=@@COLLATION_CONNECTION */;
/*!50503 SET NAMES utf8mb4 */;
/*!40103 SET @OLD_TIME_ZONE=@@TIME_ZONE */;
/*!40103 SET TIME_ZONE='+00:00' */;
/*!40014 SET @OLD_UNIQUE_CHECKS=@@UNIQUE_CHECKS, UNIQUE_CHECKS=0 */;
/*!40014 SET @OLD_FOREIGN_KEY_CHECKS=@@FOREIGN_KEY_CHECKS, FOREIGN_KEY_CHECKS=0 */;
/*!40101 SET @OLD_SQL_MODE=@@SQL_MODE, SQL_MODE='NO_AUTO_VALUE_ON_ZERO' */;
/*!40111 SET @OLD_SQL_NOTES=@@SQL_NOTES, SQL_NOTES=0 */;

--
-- Table structure for table `auth_group`
--

DROP TABLE IF EXISTS `auth_group`;
/*!40101 SET @saved_cs_client     = @@character_set_client */;
/*!50503 SET character_set_client = utf8mb4 */;
CREATE TABLE `auth_group` (
  `id` int NOT NULL AUTO_INCREMENT,
  `name` varchar(150) NOT NULL,
  PRIMARY KEY (`id`),
  UNIQUE KEY `name` (`name`)
) ENGINE=InnoDB DEFAULT CHARSET=utf8mb4 COLLATE=utf8mb4_0900_ai_ci;
/*!40101 SET character_set_client = @saved_cs_client */;

--
-- Dumping data for table `auth_group`
--

LOCK TABLES `auth_group` WRITE;
/*!40000 ALTER TABLE `auth_group` DISABLE KEYS */;
/*!40000 ALTER TABLE `auth_group` ENABLE KEYS */;
UNLOCK TABLES;

--
-- Table structure for table `auth_group_permissions`
--

DROP TABLE IF EXISTS `auth_group_permissions`;
/*!40101 SET @saved_cs_client     = @@character_set_client */;
/*!50503 SET character_set_client = utf8mb4 */;
CREATE TABLE `auth_group_permissions` (
  `id` bigint NOT NULL AUTO_INCREMENT,
  `group_id` int NOT NULL,
  `permission_id` int NOT NULL,
  PRIMARY KEY (`id`),
  UNIQUE KEY `auth_group_permissions_group_id_permission_id_0cd325b0_uniq` (`group_id`,`permission_id`),
  KEY `auth_group_permissio_permission_id_84c5c92e_fk_auth_perm` (`permission_id`),
  CONSTRAINT `auth_group_permissio_permission_id_84c5c92e_fk_auth_perm` FOREIGN KEY (`permission_id`) REFERENCES `auth_permission` (`id`),
  CONSTRAINT `auth_group_permissions_group_id_b120cbf9_fk_auth_group_id` FOREIGN KEY (`group_id`) REFERENCES `auth_group` (`id`)
) ENGINE=InnoDB DEFAULT CHARSET=utf8mb4 COLLATE=utf8mb4_0900_ai_ci;
/*!40101 SET character_set_client = @saved_cs_client */;

--
-- Dumping data for table `auth_group_permissions`
--

LOCK TABLES `auth_group_permissions` WRITE;
/*!40000 ALTER TABLE `auth_group_permissions` DISABLE KEYS */;
/*!40000 ALTER TABLE `auth_group_permissions` ENABLE KEYS */;
UNLOCK TABLES;

--
-- Table structure for table `auth_permission`
--

DROP TABLE IF EXISTS `auth_permission`;
/*!40101 SET @saved_cs_client     = @@character_set_client */;
/*!50503 SET character_set_client = utf8mb4 */;
CREATE TABLE `auth_permission` (
  `id` int NOT NULL AUTO_INCREMENT,
  `name` varchar(255) NOT NULL,
  `content_type_id` int NOT NULL,
  `codename` varchar(100) NOT NULL,
  PRIMARY KEY (`id`),
  UNIQUE KEY `auth_permission_content_type_id_codename_01ab375a_uniq` (`content_type_id`,`codename`),
  CONSTRAINT `auth_permission_content_type_id_2f476e4b_fk_django_co` FOREIGN KEY (`content_type_id`) REFERENCES `django_content_type` (`id`)
) ENGINE=InnoDB AUTO_INCREMENT=45 DEFAULT CHARSET=utf8mb4 COLLATE=utf8mb4_0900_ai_ci;
/*!40101 SET character_set_client = @saved_cs_client */;

--
-- Dumping data for table `auth_permission`
--

LOCK TABLES `auth_permission` WRITE;
/*!40000 ALTER TABLE `auth_permission` DISABLE KEYS */;
INSERT INTO `auth_permission` VALUES (1,'Can add log entry',1,'add_logentry'),(2,'Can change log entry',1,'change_logentry'),(3,'Can delete log entry',1,'delete_logentry'),(4,'Can view log entry',1,'view_logentry'),(5,'Can add permission',2,'add_permission'),(6,'Can change permission',2,'change_permission'),(7,'Can delete permission',2,'delete_permission'),(8,'Can view permission',2,'view_permission'),(9,'Can add group',3,'add_group'),(10,'Can change group',3,'change_group'),(11,'Can delete group',3,'delete_group'),(12,'Can view group',3,'view_group'),(13,'Can add user',4,'add_user'),(14,'Can change user',4,'change_user'),(15,'Can delete user',4,'delete_user'),(16,'Can view user',4,'view_user'),(17,'Can add content type',5,'add_contenttype'),(18,'Can change content type',5,'change_contenttype'),(19,'Can delete content type',5,'delete_contenttype'),(20,'Can view content type',5,'view_contenttype'),(21,'Can add session',6,'add_session'),(22,'Can change session',6,'change_session'),(23,'Can delete session',6,'delete_session'),(24,'Can view session',6,'view_session'),(25,'Can add category',7,'add_category'),(26,'Can change category',7,'change_category'),(27,'Can delete category',7,'delete_category'),(28,'Can view category',7,'view_category'),(29,'Can add certification',8,'add_certification'),(30,'Can change certification',8,'change_certification'),(31,'Can delete certification',8,'delete_certification'),(32,'Can view certification',8,'view_certification'),(33,'Can add product',9,'add_product'),(34,'Can change product',9,'change_product'),(35,'Can delete product',9,'delete_product'),(36,'Can view product',9,'view_product'),(37,'Can add subcategory',10,'add_subcategory'),(38,'Can change subcategory',10,'change_subcategory'),(39,'Can delete subcategory',10,'delete_subcategory'),(40,'Can view subcategory',10,'view_subcategory'),(41,'Can add product image',11,'add_productimage'),(42,'Can change product image',11,'change_productimage'),(43,'Can delete product image',11,'delete_productimage'),(44,'Can view product image',11,'view_productimage');
/*!40000 ALTER TABLE `auth_permission` ENABLE KEYS */;
UNLOCK TABLES;

--
-- Table structure for table `auth_user`
--

DROP TABLE IF EXISTS `auth_user`;
/*!40101 SET @saved_cs_client     = @@character_set_client */;
/*!50503 SET character_set_client = utf8mb4 */;
CREATE TABLE `auth_user` (
  `id` int NOT NULL AUTO_INCREMENT,
  `password` varchar(128) NOT NULL,
  `last_login` datetime(6) DEFAULT NULL,
  `is_superuser` tinyint(1) NOT NULL,
  `username` varchar(150) NOT NULL,
  `first_name` varchar(150) NOT NULL,
  `last_name` varchar(150) NOT NULL,
  `email` varchar(254) NOT NULL,
  `is_staff` tinyint(1) NOT NULL,
  `is_active` tinyint(1) NOT NULL,
  `date_joined` datetime(6) NOT NULL,
  PRIMARY KEY (`id`),
  UNIQUE KEY `username` (`username`)
) ENGINE=InnoDB AUTO_INCREMENT=2 DEFAULT CHARSET=utf8mb4 COLLATE=utf8mb4_0900_ai_ci;
/*!40101 SET character_set_client = @saved_cs_client */;

--
-- Dumping data for table `auth_user`
--

LOCK TABLES `auth_user` WRITE;
/*!40000 ALTER TABLE `auth_user` DISABLE KEYS */;
INSERT INTO `auth_user` VALUES (1,'pbkdf2_sha256$260000$S2v9NNSEAu9PGKFtwSaSTL$u+2472uVheEstQFBhA77Ui1i8/aaRLrPqS2jYrS4onY=','2021-10-18 13:58:08.869505',1,'cafregoso','','','carlos@carlos.com',1,1,'2021-09-18 18:55:31.230157');
/*!40000 ALTER TABLE `auth_user` ENABLE KEYS */;
UNLOCK TABLES;

--
-- Table structure for table `auth_user_groups`
--

DROP TABLE IF EXISTS `auth_user_groups`;
/*!40101 SET @saved_cs_client     = @@character_set_client */;
/*!50503 SET character_set_client = utf8mb4 */;
CREATE TABLE `auth_user_groups` (
  `id` bigint NOT NULL AUTO_INCREMENT,
  `user_id` int NOT NULL,
  `group_id` int NOT NULL,
  PRIMARY KEY (`id`),
  UNIQUE KEY `auth_user_groups_user_id_group_id_94350c0c_uniq` (`user_id`,`group_id`),
  KEY `auth_user_groups_group_id_97559544_fk_auth_group_id` (`group_id`),
  CONSTRAINT `auth_user_groups_group_id_97559544_fk_auth_group_id` FOREIGN KEY (`group_id`) REFERENCES `auth_group` (`id`),
  CONSTRAINT `auth_user_groups_user_id_6a12ed8b_fk_auth_user_id` FOREIGN KEY (`user_id`) REFERENCES `auth_user` (`id`)
) ENGINE=InnoDB DEFAULT CHARSET=utf8mb4 COLLATE=utf8mb4_0900_ai_ci;
/*!40101 SET character_set_client = @saved_cs_client */;

--
-- Dumping data for table `auth_user_groups`
--

LOCK TABLES `auth_user_groups` WRITE;
/*!40000 ALTER TABLE `auth_user_groups` DISABLE KEYS */;
/*!40000 ALTER TABLE `auth_user_groups` ENABLE KEYS */;
UNLOCK TABLES;

--
-- Table structure for table `auth_user_user_permissions`
--

DROP TABLE IF EXISTS `auth_user_user_permissions`;
/*!40101 SET @saved_cs_client     = @@character_set_client */;
/*!50503 SET character_set_client = utf8mb4 */;
CREATE TABLE `auth_user_user_permissions` (
  `id` bigint NOT NULL AUTO_INCREMENT,
  `user_id` int NOT NULL,
  `permission_id` int NOT NULL,
  PRIMARY KEY (`id`),
  UNIQUE KEY `auth_user_user_permissions_user_id_permission_id_14a6b632_uniq` (`user_id`,`permission_id`),
  KEY `auth_user_user_permi_permission_id_1fbb5f2c_fk_auth_perm` (`permission_id`),
  CONSTRAINT `auth_user_user_permi_permission_id_1fbb5f2c_fk_auth_perm` FOREIGN KEY (`permission_id`) REFERENCES `auth_permission` (`id`),
  CONSTRAINT `auth_user_user_permissions_user_id_a95ead1b_fk_auth_user_id` FOREIGN KEY (`user_id`) REFERENCES `auth_user` (`id`)
) ENGINE=InnoDB DEFAULT CHARSET=utf8mb4 COLLATE=utf8mb4_0900_ai_ci;
/*!40101 SET character_set_client = @saved_cs_client */;

--
-- Dumping data for table `auth_user_user_permissions`
--

LOCK TABLES `auth_user_user_permissions` WRITE;
/*!40000 ALTER TABLE `auth_user_user_permissions` DISABLE KEYS */;
/*!40000 ALTER TABLE `auth_user_user_permissions` ENABLE KEYS */;
UNLOCK TABLES;

--
-- Table structure for table `django_admin_log`
--

DROP TABLE IF EXISTS `django_admin_log`;
/*!40101 SET @saved_cs_client     = @@character_set_client */;
/*!50503 SET character_set_client = utf8mb4 */;
CREATE TABLE `django_admin_log` (
  `id` int NOT NULL AUTO_INCREMENT,
  `action_time` datetime(6) NOT NULL,
  `object_id` longtext,
  `object_repr` varchar(200) NOT NULL,
  `action_flag` smallint unsigned NOT NULL,
  `change_message` longtext NOT NULL,
  `content_type_id` int DEFAULT NULL,
  `user_id` int NOT NULL,
  PRIMARY KEY (`id`),
  KEY `django_admin_log_content_type_id_c4bce8eb_fk_django_co` (`content_type_id`),
  KEY `django_admin_log_user_id_c564eba6_fk_auth_user_id` (`user_id`),
  CONSTRAINT `django_admin_log_content_type_id_c4bce8eb_fk_django_co` FOREIGN KEY (`content_type_id`) REFERENCES `django_content_type` (`id`),
  CONSTRAINT `django_admin_log_user_id_c564eba6_fk_auth_user_id` FOREIGN KEY (`user_id`) REFERENCES `auth_user` (`id`),
  CONSTRAINT `django_admin_log_chk_1` CHECK ((`action_flag` >= 0))
) ENGINE=InnoDB AUTO_INCREMENT=700 DEFAULT CHARSET=utf8mb4 COLLATE=utf8mb4_0900_ai_ci;
/*!40101 SET character_set_client = @saved_cs_client */;

--
-- Dumping data for table `django_admin_log`
--

LOCK TABLES `django_admin_log` WRITE;
/*!40000 ALTER TABLE `django_admin_log` DISABLE KEYS */;
INSERT INTO `django_admin_log` VALUES (1,'2021-09-18 18:57:08.416250','1','Hoteleria',1,'[{\"added\": {}}]',7,1),(2,'2021-09-18 18:57:20.296044','2','Educacion',1,'[{\"added\": {}}]',7,1),(3,'2021-09-18 18:57:32.294478','3','Healt Care',1,'[{\"added\": {}}]',7,1),(4,'2021-09-18 18:57:46.683101','4','Industrial',1,'[{\"added\": {}}]',7,1),(5,'2021-09-18 18:58:17.107382','5','Comercial',1,'[{\"added\": {}}]',7,1),(6,'2021-09-18 18:58:29.677872','6','Recidencial',1,'[{\"added\": {}}]',7,1),(7,'2021-09-18 18:58:39.852155','7','Home Office',1,'[{\"added\": {}}]',7,1),(8,'2021-09-18 18:58:48.028639','8','Oficina',1,'[{\"added\": {}}]',7,1),(9,'2021-09-18 18:59:39.827396','1','Ambientes Exterior',1,'[{\"added\": {}}]',10,1),(10,'2021-09-18 18:59:47.623825','2','Areas Lounge',1,'[{\"added\": {}}]',10,1),(11,'2021-09-18 18:59:54.495676','3','Habitaciones',1,'[{\"added\": {}}]',10,1),(12,'2021-09-18 19:00:00.863812','4','Eventos',1,'[{\"added\": {}}]',10,1),(13,'2021-09-18 19:00:18.547142','5','Espacios de Trabajo',1,'[{\"added\": {}}]',10,1),(14,'2021-09-18 19:00:28.536436','6','Colaborativas',1,'[{\"added\": {}}]',10,1),(15,'2021-09-18 19:00:39.851479','7','Reunion',1,'[{\"added\": {}}]',10,1),(16,'2021-09-18 19:00:50.365913','8','Lounge',1,'[{\"added\": {}}]',10,1),(17,'2021-09-18 19:00:58.790303','9','Work Cafe',1,'[{\"added\": {}}]',10,1),(18,'2021-09-18 19:01:08.678553','10','Cabinas',1,'[{\"added\": {}}]',10,1),(19,'2021-09-18 19:01:15.694665','11','Oficina Ejecutiva',1,'[{\"added\": {}}]',10,1),(20,'2021-09-18 19:01:35.460983','12','Auditorios',1,'[{\"added\": {}}]',10,1),(21,'2021-09-18 19:01:44.428582','13','Pupitre',1,'[{\"added\": {}}]',10,1),(22,'2021-09-18 19:01:56.249553','14','Areas Comunes',1,'[{\"added\": {}}]',10,1),(23,'2021-09-18 19:02:17.702730','15','Lounge',1,'[{\"added\": {}}]',10,1),(24,'2021-09-18 19:02:28.055703','16','Habitaciones',1,'[{\"added\": {}}]',10,1),(25,'2021-09-18 19:02:37.682044','17','Cafeterias',1,'[{\"added\": {}}]',10,1),(26,'2021-09-18 19:02:45.442154','18','Clinicas',1,'[{\"added\": {}}]',10,1),(27,'2021-09-18 19:02:56.914441','19','Consultorios',1,'[{\"added\": {}}]',10,1),(28,'2021-09-18 19:03:05.429922','20','Laboratorios',1,'[{\"added\": {}}]',10,1),(29,'2021-09-18 19:03:23.133052','21','Bares y Restaurantes',1,'[{\"added\": {}}]',10,1),(30,'2021-09-18 19:03:34.312967','22','Agencias',1,'[{\"added\": {}}]',10,1),(31,'2021-09-18 19:03:40.977138','23','Puntos de Venta',1,'[{\"added\": {}}]',10,1),(32,'2021-09-18 19:03:47.412556','24','Plazas Comerciales',1,'[{\"added\": {}}]',10,1),(33,'2021-09-18 19:04:09.711052','25','Comedores',1,'[{\"added\": {}}]',10,1),(34,'2021-09-18 19:04:17.560099','26','Areas Productivas',1,'[{\"added\": {}}]',10,1),(35,'2021-09-18 19:04:33.990478','27','Comedores',1,'[{\"added\": {}}]',10,1),(36,'2021-09-18 19:04:42.816124','28','Salas',1,'[{\"added\": {}}]',10,1),(37,'2021-09-18 19:04:50.524132','29','Barras de Cocina',1,'[{\"added\": {}}]',10,1),(38,'2021-09-18 19:04:58.153824','30','Exterior',1,'[{\"added\": {}}]',10,1),(39,'2021-09-18 19:06:19.430367','1','Scoob',1,'[{\"added\": {}}]',8,1),(40,'2021-09-18 19:06:40.794017','2','CATAS',1,'[{\"added\": {}}]',8,1),(41,'2021-09-18 19:08:05.429945','1','Avenica',1,'[{\"added\": {}}]',9,1),(42,'2021-09-18 19:09:25.511673','2','Coccolona',1,'[{\"added\": {}}]',9,1),(43,'2021-09-18 19:11:08.310080','3','Lisa',1,'[{\"added\": {}}]',9,1),(44,'2021-09-18 19:11:38.266200','25','Comedores Industriales',2,'[{\"changed\": {\"fields\": [\"Subcategory\"]}}]',10,1),(45,'2021-09-18 19:12:20.620088','3','Lisa',2,'[{\"changed\": {\"fields\": [\"Categoria\"]}}]',9,1),(46,'2021-09-21 16:01:49.870591','2','Educación',2,'[{\"changed\": {\"fields\": [\"Category\"]}}]',7,1),(47,'2021-09-21 16:01:58.519024','1','Hotelería',2,'[{\"changed\": {\"fields\": [\"Category\"]}}]',7,1),(48,'2021-09-22 00:07:48.265068','1','Avenica',2,'[{\"changed\": {\"fields\": [\"Descripcion\", \"Caracteristicas\", \"Medidas\", \"Materiales\", \"Colores\", \"Certificacioness\"]}}]',9,1),(49,'2021-09-22 00:19:04.518114','26','Áreas Productivas',2,'[{\"changed\": {\"fields\": [\"Subcategory\"]}}]',10,1),(50,'2021-09-22 00:19:47.141620','18','Clínicas',2,'[{\"changed\": {\"fields\": [\"Subcategory\"]}}]',10,1),(51,'2021-09-22 00:20:29.033694','2','Áreas Lounge',2,'[{\"changed\": {\"fields\": [\"Subcategory\"]}}]',10,1),(52,'2021-09-22 00:21:08.977447','7','Reunión',2,'[{\"changed\": {\"fields\": [\"Subcategory\"]}}]',10,1),(53,'2021-09-22 00:21:23.156564','9','Work Café',2,'[{\"changed\": {\"fields\": [\"Subcategory\"]}}]',10,1),(54,'2021-09-22 00:21:51.712966','14','Áreas Comunes',2,'[{\"changed\": {\"fields\": [\"Subcategory\"]}}]',10,1),(55,'2021-09-22 00:22:14.278819','15','Lounge / Espera',2,'[{\"changed\": {\"fields\": [\"Subcategory\"]}}]',10,1),(56,'2021-09-22 00:22:43.584799','17','Cafeterías',2,'[{\"changed\": {\"fields\": [\"Subcategory\"]}}]',10,1),(57,'2021-09-22 00:27:39.889236','2','Coccolona',2,'[{\"changed\": {\"fields\": [\"Descripcion\", \"Caracteristicas\", \"Medidas\", \"Materiales\", \"Colores\"]}}]',9,1),(58,'2021-09-22 00:27:55.727979','1','SCOOB',2,'[{\"changed\": {\"fields\": [\"Certification\"]}}]',8,1),(59,'2021-09-22 00:28:43.514276','3','BIFMA',1,'[{\"added\": {}}]',8,1),(60,'2021-09-22 00:29:02.893799','4','COSMOB',1,'[{\"added\": {}}]',8,1),(61,'2021-09-22 00:29:21.842542','5','GREENGUARD',1,'[{\"added\": {}}]',8,1),(62,'2021-09-22 00:30:12.860062','6','Environmental Product Declaration (EPD)',1,'[{\"added\": {}}]',8,1),(63,'2021-09-22 00:35:42.336227','3','Lisa',2,'[{\"changed\": {\"fields\": [\"Descripcion\", \"Caracteristicas\", \"Medidas\", \"Materiales\", \"Colores\", \"Certificaciones\"]}}]',9,1),(64,'2021-09-22 00:42:01.203631','4','Nuta',1,'[{\"added\": {}}]',9,1),(65,'2021-09-22 00:42:57.474385','3','Lisa',2,'[{\"changed\": {\"fields\": [\"Materiales\"]}}]',9,1),(66,'2021-09-22 00:43:49.190742','3','Lisa',2,'[{\"changed\": {\"fields\": [\"Materiales\"]}}]',9,1),(67,'2021-09-22 00:46:17.859859','5','Abuela',1,'[{\"added\": {}}]',9,1),(68,'2021-09-22 00:49:53.119051','6','Bakhita',1,'[{\"added\": {}}]',9,1),(69,'2021-09-22 00:52:39.487078','7','Drop',1,'[{\"added\": {}}]',9,1),(70,'2021-09-22 00:54:40.834495','8','Flap',1,'[{\"added\": {}}]',9,1),(71,'2021-09-22 00:58:23.717740','9','Minush',1,'[{\"added\": {}}]',9,1),(72,'2021-09-22 01:00:17.007630','10','Gran Minush',1,'[{\"added\": {}}]',9,1),(73,'2021-09-22 01:02:53.021512','11','Maxima',1,'[{\"added\": {}}]',9,1),(74,'2021-09-22 01:07:36.200435','12','Ginevra Lounge',1,'[{\"added\": {}}]',9,1),(75,'2021-09-22 01:09:21.770705','13','Olimpia',1,'[{\"added\": {}}]',9,1),(76,'2021-09-22 01:12:05.854482','14','Fuller',1,'[{\"added\": {}}]',9,1),(77,'2021-09-22 01:15:29.930853','15','Mesa Claro',1,'[{\"added\": {}}]',9,1),(78,'2021-09-22 01:53:38.983235','16','Arket',1,'[{\"added\": {}}]',9,1),(79,'2021-09-22 01:55:30.375623','17','Bases y cubiertas compact',1,'[{\"added\": {}}]',9,1),(80,'2021-09-22 01:57:05.941267','18','Conga',1,'[{\"added\": {}}]',9,1),(81,'2021-09-22 01:58:39.483502','19','Nemo (base)',1,'[{\"added\": {}}]',9,1),(82,'2021-09-22 02:00:23.154510','20','Fiorellina',1,'[{\"added\": {}}]',9,1),(83,'2021-09-22 15:41:30.297254','21','Amyopen',1,'[{\"added\": {}}]',9,1),(84,'2021-09-22 15:45:12.495076','22','Annette',1,'[{\"added\": {}}]',9,1),(85,'2021-09-22 15:48:39.404159','23','Breck & Lounge',1,'[{\"added\": {}}]',9,1),(86,'2021-09-22 15:57:49.378192','24','Brigida',1,'[{\"added\": {}}]',9,1),(87,'2021-09-22 16:00:56.622540','25','Camila',1,'[{\"added\": {}}]',9,1),(88,'2021-09-22 16:02:52.701814','26','Gala',1,'[{\"added\": {}}]',9,1),(89,'2021-09-22 16:04:40.701433','27','Kira & Divano',1,'[{\"added\": {}}]',9,1),(90,'2021-09-22 16:08:25.510347','28','Meg',1,'[{\"added\": {}}]',9,1),(91,'2021-09-22 16:10:51.767225','29','Nell',1,'[{\"added\": {}}]',9,1),(92,'2021-09-22 16:32:27.063486','30','Tula',1,'[{\"added\": {}}]',9,1),(93,'2021-09-22 16:35:04.529077','31','Zelig',1,'[{\"added\": {}}]',9,1),(94,'2021-09-22 16:36:51.547993','32','Nora',1,'[{\"added\": {}}]',9,1),(95,'2021-09-22 16:38:17.756269','33','Rubik',1,'[{\"added\": {}}]',9,1),(96,'2021-09-22 16:40:16.260008','34','Stella modular',1,'[{\"added\": {}}]',9,1),(97,'2021-09-22 16:41:51.884218','35','Esencia',1,'[{\"added\": {}}]',9,1),(98,'2021-09-22 16:43:25.925166','36','RE-810',1,'[{\"added\": {}}]',9,1),(99,'2021-09-22 16:45:33.189184','37','Porta venezia banco y silla',1,'[{\"added\": {}}]',9,1),(100,'2021-09-22 16:46:47.042479','38','Porta venezia lounge',1,'[{\"added\": {}}]',9,1),(101,'2021-09-22 16:48:25.254349','39','Pure loop',1,'[{\"added\": {}}]',9,1),(102,'2021-09-22 16:51:55.867304','40','Interface',1,'[{\"added\": {}}]',9,1),(103,'2021-09-22 16:53:15.957508','41','Bobo',1,'[{\"added\": {}}]',9,1),(104,'2021-09-22 16:54:20.261855','42','Silla Replay',1,'[{\"added\": {}}]',9,1),(105,'2021-09-22 17:06:16.492763','43','Silla Areta',1,'[{\"added\": {}}]',9,1),(106,'2021-09-22 17:07:28.084512','44','Paris',1,'[{\"added\": {}}]',9,1),(107,'2021-09-22 17:08:53.725385','45','Zebra tapiz',1,'[{\"added\": {}}]',9,1),(108,'2021-09-22 17:10:00.684602','46','Zebra tecnopolimero',1,'[{\"added\": {}}]',9,1),(109,'2021-09-22 17:11:00.128086','47','Sicla rodaja',1,'[{\"added\": {}}]',9,1),(110,'2021-09-22 17:12:28.409550','48','RE-614',1,'[{\"added\": {}}]',9,1),(111,'2021-09-22 17:13:36.062243','49','RE-615',1,'[{\"added\": {}}]',9,1),(112,'2021-09-22 17:15:01.479317','50','Lady B',1,'[{\"added\": {}}]',9,1),(113,'2021-09-22 17:20:25.983389','51','Aktiva',1,'[{\"added\": {}}]',9,1),(114,'2021-09-22 17:25:44.910384','52','Mesa Step / banco bakhita',1,'[{\"added\": {}}]',9,1),(115,'2021-09-22 17:33:12.496782','53','Areta con rodajas / malla',1,'[{\"added\": {}}]',9,1),(116,'2021-09-22 17:34:46.968515','54','X10',1,'[{\"added\": {}}]',9,1),(117,'2021-09-22 21:45:54.279797','56','RE-1361 Y 1360',1,'[{\"added\": {}}]',9,1),(118,'2021-09-22 21:47:04.308451','57','RE-1601',1,'[{\"added\": {}}]',9,1),(119,'2021-09-22 21:48:58.728390','58','RE-1600',1,'[{\"added\": {}}]',9,1),(120,'2021-09-22 21:49:49.216622','1','Avenica',2,'[{\"changed\": {\"fields\": [\"Categoria\", \"Subcategoria\"]}}]',9,1),(121,'2021-09-22 21:50:04.663395','2','Coccolona',2,'[{\"changed\": {\"fields\": [\"Subcategoria\"]}}]',9,1),(122,'2021-09-22 21:51:00.573821','3','Lisa',2,'[{\"changed\": {\"fields\": [\"Categoria\", \"Subcategoria\"]}}]',9,1),(123,'2021-09-22 21:52:25.414492','4','Nuta',2,'[{\"changed\": {\"fields\": [\"Categoria\", \"Subcategoria\"]}}]',9,1),(124,'2021-09-22 21:53:44.004208','5','Abuela',2,'[{\"changed\": {\"fields\": [\"Categoria\", \"Subcategoria\"]}}]',9,1),(125,'2021-09-22 22:11:54.891633','6','Bakhita',2,'[{\"changed\": {\"fields\": [\"Categoria\", \"Subcategoria\"]}}]',9,1),(126,'2021-09-22 22:14:09.728317','7','Drop',2,'[{\"changed\": {\"fields\": [\"Categoria\", \"Subcategoria\"]}}]',9,1),(127,'2021-09-22 22:22:11.832954','1','Hotelería',2,'[{\"changed\": {\"fields\": [\"Subcategory\"]}}]',7,1),(128,'2021-09-22 22:22:35.651655','8','Oficina',2,'[{\"changed\": {\"fields\": [\"Subcategory\"]}}]',7,1),(129,'2021-09-22 22:22:55.416180','2','Educación',2,'[{\"changed\": {\"fields\": [\"Subcategory\"]}}]',7,1),(130,'2021-09-22 22:23:08.337678','3','Healt Care',2,'[{\"changed\": {\"fields\": [\"Subcategory\"]}}]',7,1),(131,'2021-09-22 22:23:25.918165','5','Comercial',2,'[{\"changed\": {\"fields\": [\"Subcategory\"]}}]',7,1),(132,'2021-09-22 22:23:32.713855','4','Industrial',2,'[{\"changed\": {\"fields\": [\"Subcategory\"]}}]',7,1),(133,'2021-09-22 22:23:44.341627','6','Residencial',2,'[{\"changed\": {\"fields\": [\"Subcategory\"]}}]',7,1),(134,'2021-09-22 22:25:25.932065','7','Drop',2,'[]',9,1),(135,'2021-09-22 22:25:55.695541','8','Flap',2,'[{\"changed\": {\"fields\": [\"Categoria\", \"Subcategoria\"]}}]',9,1),(136,'2021-09-22 22:26:20.259361','9','Minush',2,'[{\"changed\": {\"fields\": [\"Categoria\", \"Subcategoria\"]}}]',9,1),(137,'2021-09-22 22:26:41.055199','10','Gran Minush',2,'[{\"changed\": {\"fields\": [\"Categoria\", \"Subcategoria\"]}}]',9,1),(138,'2021-09-22 22:33:17.680226','11','Maxima',2,'[{\"changed\": {\"fields\": [\"Subcategoria\"]}}]',9,1),(139,'2021-09-22 22:33:47.103763','12','Ginevra Lounge',2,'[{\"changed\": {\"fields\": [\"Categoria\", \"Subcategoria\"]}}]',9,1),(140,'2021-09-22 22:34:03.635314','13','Olimpia',2,'[{\"changed\": {\"fields\": [\"Subcategoria\"]}}]',9,1),(141,'2021-09-22 22:34:19.953536','14','Fuller',2,'[{\"changed\": {\"fields\": [\"Categoria\", \"Subcategoria\"]}}]',9,1),(142,'2021-09-22 22:35:04.071141','15','Mesa Claro',2,'[{\"changed\": {\"fields\": [\"Categoria\", \"Subcategoria\"]}}]',9,1),(143,'2021-09-22 22:37:23.760940','16','Arket',2,'[{\"changed\": {\"fields\": [\"Categoria\", \"Subcategoria\"]}}]',9,1),(144,'2021-09-22 22:37:51.551286','17','Bases y cubiertas compact',2,'[{\"changed\": {\"fields\": [\"Categoria\", \"Subcategoria\"]}}]',9,1),(145,'2021-09-22 22:38:39.230301','18','Conga',2,'[{\"changed\": {\"fields\": [\"Categoria\", \"Subcategoria\"]}}]',9,1),(146,'2021-09-22 22:38:50.065719','19','Nemo (base)',2,'[{\"changed\": {\"fields\": [\"Subcategoria\"]}}]',9,1),(147,'2021-09-22 22:39:34.145928','20','Fiorellina',2,'[{\"changed\": {\"fields\": [\"Subcategoria\"]}}]',9,1),(148,'2021-09-22 22:40:45.895775','21','Amyopen',2,'[{\"changed\": {\"fields\": [\"Categoria\", \"Subcategoria\"]}}]',9,1),(149,'2021-09-22 22:41:51.545093','22','Annette',2,'[{\"changed\": {\"fields\": [\"Categoria\", \"Subcategoria\"]}}]',9,1),(150,'2021-09-22 22:42:39.948894','23','Breck & Lounge',2,'[{\"changed\": {\"fields\": [\"Categoria\", \"Subcategoria\"]}}]',9,1),(151,'2021-09-22 22:44:37.098290','24','Brigida',2,'[{\"changed\": {\"fields\": [\"Categoria\", \"Subcategoria\"]}}]',9,1),(152,'2021-09-22 23:20:23.996899','25','Camila',2,'[{\"changed\": {\"fields\": [\"Categoria\", \"Subcategoria\"]}}]',9,1),(153,'2021-09-22 23:21:51.095494','26','Gala',2,'[{\"changed\": {\"fields\": [\"Categoria\", \"Subcategoria\"]}}]',9,1),(154,'2021-09-22 23:22:45.949057','27','Kira & Divano',2,'[{\"changed\": {\"fields\": [\"Categoria\", \"Subcategoria\"]}}]',9,1),(155,'2021-09-22 23:24:06.325476','28','Meg',2,'[{\"changed\": {\"fields\": [\"Categoria\", \"Subcategoria\"]}}]',9,1),(156,'2021-09-22 23:54:15.380160','29','Nell',2,'[{\"changed\": {\"fields\": [\"Categoria\", \"Subcategoria\"]}}]',9,1),(157,'2021-09-22 23:56:03.705618','30','Tula',2,'[{\"changed\": {\"fields\": [\"Categoria\", \"Subcategoria\"]}}]',9,1),(158,'2021-09-22 23:56:46.330328','31','Zelig',2,'[{\"changed\": {\"fields\": [\"Categoria\", \"Subcategoria\"]}}]',9,1),(159,'2021-09-22 23:59:13.020935','32','Nora',2,'[{\"changed\": {\"fields\": [\"Categoria\", \"Subcategoria\"]}}]',9,1),(160,'2021-09-23 00:01:04.378472','33','Rubik',2,'[{\"changed\": {\"fields\": [\"Categoria\", \"Subcategoria\"]}}]',9,1),(161,'2021-09-23 00:06:24.425127','34','Stella modular',2,'[{\"changed\": {\"fields\": [\"Categoria\", \"Subcategoria\"]}}]',9,1),(162,'2021-09-23 00:13:15.245849','35','Esencia',2,'[{\"changed\": {\"fields\": [\"Categoria\", \"Subcategoria\"]}}]',9,1),(163,'2021-09-23 00:13:54.214135','36','RE-810',2,'[{\"changed\": {\"fields\": [\"Categoria\", \"Subcategoria\"]}}]',9,1),(164,'2021-09-23 00:14:16.851194','37','Porta venezia banco y silla',2,'[{\"changed\": {\"fields\": [\"Categoria\", \"Subcategoria\"]}}]',9,1),(165,'2021-09-23 00:14:30.520332','38','Porta venezia lounge',2,'[{\"changed\": {\"fields\": [\"Categoria\", \"Subcategoria\"]}}]',9,1),(166,'2021-09-23 00:15:01.795640','39','Pure loop',2,'[{\"changed\": {\"fields\": [\"Categoria\", \"Subcategoria\"]}}]',9,1),(167,'2021-09-23 00:21:05.869812','40','Interface',2,'[{\"changed\": {\"fields\": [\"Categoria\", \"Subcategoria\"]}}]',9,1),(168,'2021-09-23 00:21:37.926217','41','Bobo',2,'[{\"changed\": {\"fields\": [\"Categoria\", \"Subcategoria\"]}}]',9,1),(169,'2021-09-23 00:21:51.327490','42','Silla Replay',2,'[{\"changed\": {\"fields\": [\"Categoria\", \"Subcategoria\"]}}]',9,1),(170,'2021-09-23 00:22:09.590020','43','Silla Areta',2,'[{\"changed\": {\"fields\": [\"Categoria\", \"Subcategoria\"]}}]',9,1),(171,'2021-09-23 00:22:53.460447','44','Paris',2,'[{\"changed\": {\"fields\": [\"Categoria\", \"Subcategoria\"]}}]',9,1),(172,'2021-09-23 00:25:13.759060','45','Zebra tapiz',2,'[{\"changed\": {\"fields\": [\"Categoria\", \"Subcategoria\"]}}]',9,1),(173,'2021-09-23 00:25:30.567749','46','Zebra tecnopolimero',2,'[{\"changed\": {\"fields\": [\"Categoria\", \"Subcategoria\"]}}]',9,1),(174,'2021-09-23 00:26:09.486046','47','Sicla rodaja',2,'[{\"changed\": {\"fields\": [\"Categoria\", \"Subcategoria\"]}}]',9,1),(175,'2021-09-23 00:26:47.576396','48','RE-614',2,'[{\"changed\": {\"fields\": [\"Categoria\", \"Subcategoria\"]}}]',9,1),(176,'2021-09-23 00:26:56.343573','49','RE-615',2,'[{\"changed\": {\"fields\": [\"Categoria\", \"Subcategoria\"]}}]',9,1),(177,'2021-09-23 00:27:12.484644','50','Lady B',2,'[{\"changed\": {\"fields\": [\"Categoria\", \"Subcategoria\"]}}]',9,1),(178,'2021-09-23 00:27:23.585053','51','Aktiva',2,'[{\"changed\": {\"fields\": [\"Categoria\", \"Subcategoria\"]}}]',9,1),(179,'2021-09-23 00:27:47.929855','52','Mesa Step / banco bakhita',2,'[{\"changed\": {\"fields\": [\"Categoria\", \"Subcategoria\"]}}]',9,1),(180,'2021-09-23 00:28:00.398981','53','Areta con rodajas / malla',2,'[{\"changed\": {\"fields\": [\"Categoria\", \"Subcategoria\"]}}]',9,1),(181,'2021-09-23 00:28:23.020655','54','X10',2,'[{\"changed\": {\"fields\": [\"Categoria\", \"Subcategoria\"]}}]',9,1),(182,'2021-09-23 00:29:50.510265','59','RS-680',1,'[{\"added\": {}}]',9,1),(183,'2021-09-23 00:30:28.156369','56','RE-1361 Y 1360',2,'[]',9,1),(184,'2021-09-23 00:30:43.508379','57','RE-1601',2,'[]',9,1),(185,'2021-09-23 00:31:01.062839','58','RE-1600',2,'[]',9,1),(186,'2021-09-23 00:45:23.637390','5','Abuela',2,'[{\"changed\": {\"fields\": [\"Imagen Principal\", \"Imagen 1\"]}}]',9,1),(187,'2021-09-23 00:46:18.668533','21','Amyopen',2,'[{\"changed\": {\"fields\": [\"Imagen Principal\", \"Imagen 1\", \"Imagen 2\", \"Imagen 3\"]}}]',9,1),(188,'2021-09-23 00:47:18.307761','22','Annette',2,'[{\"changed\": {\"fields\": [\"Imagen Principal\", \"Imagen 1\", \"Imagen 2\", \"Imagen 3\"]}}]',9,1),(189,'2021-09-23 00:49:01.656915','53','Areta con rodajas / malla',2,'[{\"changed\": {\"fields\": [\"Imagen Principal\", \"Imagen 1\", \"Imagen 2\", \"Imagen 3\"]}}]',9,1),(190,'2021-09-23 00:49:51.996275','16','Arket',2,'[{\"changed\": {\"fields\": [\"Imagen Principal\"]}}]',9,1),(191,'2021-09-23 00:50:20.794243','1','Avenica',2,'[{\"changed\": {\"fields\": [\"Imagen Principal\"]}}]',9,1),(192,'2021-09-23 00:50:49.989985','6','Bakhita',2,'[{\"changed\": {\"fields\": [\"Imagen Principal\", \"Imagen 1\", \"Imagen 2\", \"Imagen 3\"]}}]',9,1),(193,'2021-09-23 00:52:45.400327','52','Mesa Step / banco bakhita',2,'[{\"changed\": {\"fields\": [\"Imagen Principal\", \"Imagen 1\"]}}]',9,1),(194,'2021-09-23 01:06:45.544612','56','RE-1361 Y 1360',2,'[{\"changed\": {\"fields\": [\"Imagen Principal\", \"Imagen 1\", \"Imagen 2\", \"Imagen 3\"]}}]',9,1),(195,'2021-09-23 01:11:32.520265','60','RS-1101',1,'[{\"added\": {}}]',9,1),(196,'2021-09-23 01:14:43.008706','61','RS-1200',1,'[{\"added\": {}}]',9,1),(197,'2021-09-23 01:16:12.396416','62','RE-1750',1,'[{\"added\": {}}]',9,1),(198,'2021-09-23 01:17:17.731778','63','RE-3030 Y 3031',1,'[{\"added\": {}}]',9,1),(199,'2021-09-23 01:18:42.592243','64','Lives workchair',1,'[{\"added\": {}}]',9,1),(200,'2021-09-23 01:19:44.718900','65','Runa silla',1,'[{\"added\": {}}]',9,1),(201,'2021-09-23 01:20:48.546937','66','Cynara',1,'[{\"added\": {}}]',9,1),(202,'2021-09-23 01:22:01.164117','67','Finora',1,'[{\"added\": {}}]',9,1),(203,'2021-09-24 20:43:34.683916','3','Healt_Care',2,'[{\"changed\": {\"fields\": [\"Category\"]}}]',7,1),(204,'2021-09-24 20:43:44.512984','7','Home_Office',2,'[{\"changed\": {\"fields\": [\"Category\"]}}]',7,1),(205,'2021-09-24 20:44:34.914372','3','Healt Care',2,'[{\"changed\": {\"fields\": [\"Category\"]}}]',7,1),(206,'2021-09-24 20:44:40.363036','7','Home Office',2,'[{\"changed\": {\"fields\": [\"Category\"]}}]',7,1),(207,'2021-09-24 23:05:53.285202','30','Exterior',2,'[{\"changed\": {\"fields\": [\"Image\"]}}]',10,1),(208,'2021-09-24 23:06:04.414484','29','Barras de Cocina',2,'[{\"changed\": {\"fields\": [\"Image\"]}}]',10,1),(209,'2021-09-24 23:06:16.927246','28','Salas',2,'[{\"changed\": {\"fields\": [\"Image\"]}}]',10,1),(210,'2021-09-24 23:06:36.908105','27','Comedores',2,'[{\"changed\": {\"fields\": [\"Image\"]}}]',10,1),(211,'2021-09-24 23:06:48.902486','26','Áreas Productivas',2,'[{\"changed\": {\"fields\": [\"Image\"]}}]',10,1),(212,'2021-09-24 23:07:06.016393','25','Comedores Industriales',2,'[{\"changed\": {\"fields\": [\"Image\"]}}]',10,1),(213,'2021-09-24 23:13:49.877618','24','Plazas Comerciales',2,'[{\"changed\": {\"fields\": [\"Image\"]}}]',10,1),(214,'2021-09-24 23:13:59.350290','23','Puntos de Venta',2,'[{\"changed\": {\"fields\": [\"Image\"]}}]',10,1),(215,'2021-09-24 23:14:07.243029','22','Agencias',2,'[{\"changed\": {\"fields\": [\"Image\"]}}]',10,1),(216,'2021-09-24 23:14:20.548250','21','Bares y Restaurantes',2,'[{\"changed\": {\"fields\": [\"Image\"]}}]',10,1),(217,'2021-09-24 23:14:31.474024','20','Laboratorios',2,'[{\"changed\": {\"fields\": [\"Image\"]}}]',10,1),(218,'2021-09-24 23:14:40.650078','19','Consultorios',2,'[{\"changed\": {\"fields\": [\"Image\"]}}]',10,1),(219,'2021-09-24 23:14:49.279359','18','Clínicas',2,'[{\"changed\": {\"fields\": [\"Image\"]}}]',10,1),(220,'2021-09-24 23:15:22.854658','16','Habitaciones',2,'[{\"changed\": {\"fields\": [\"Image\"]}}]',10,1),(221,'2021-09-24 23:15:32.644984','15','Lounge / Espera',2,'[{\"changed\": {\"fields\": [\"Image\"]}}]',10,1),(222,'2021-09-24 23:15:56.583663','17','Cafeterías',2,'[{\"changed\": {\"fields\": [\"Image\"]}}]',10,1),(223,'2021-09-25 18:37:11.581547','68','RS-500',1,'[{\"added\": {}}]',9,1),(224,'2021-09-25 18:38:50.155042','69','RS-460',1,'[{\"added\": {}}]',9,1),(225,'2021-09-25 18:44:53.286395','70','RS-490',1,'[{\"added\": {}}]',9,1),(226,'2021-09-25 18:48:01.107436','71','KLC re-720',1,'[{\"added\": {}}]',9,1),(227,'2021-09-25 18:49:37.065635','72','RM-9026',1,'[{\"added\": {}}]',9,1),(228,'2021-09-25 18:53:10.772155','73','Mesa Risefit',1,'[{\"added\": {}}]',9,1),(229,'2021-09-25 18:54:23.581202','74','Lives Lounge con paleta',1,'[{\"added\": {}}]',9,1),(230,'2021-09-25 18:55:38.946961','75','Leopard',1,'[{\"added\": {}}]',9,1),(231,'2021-09-25 18:56:43.399013','76','Brek',1,'[{\"added\": {}}]',9,1),(232,'2021-09-25 18:58:31.509486','77','Kira',1,'[{\"added\": {}}]',9,1),(233,'2021-09-25 19:00:19.377251','78','Mesa landing',1,'[{\"added\": {}}]',9,1),(234,'2021-09-25 19:00:34.681804','78','Mesa landing',2,'[{\"changed\": {\"fields\": [\"Materiales\"]}}]',9,1),(235,'2021-09-25 19:01:52.977501','79','Contessa',1,'[{\"added\": {}}]',9,1),(236,'2021-09-25 19:06:32.856524','80','Sylphy',1,'[{\"added\": {}}]',9,1),(237,'2021-09-25 19:07:31.699331','81','Plimode',1,'[{\"added\": {}}]',9,1),(238,'2021-09-25 19:08:46.700753','82','RE-7000',1,'[{\"added\": {}}]',9,1),(239,'2021-09-25 19:09:46.388737','83','Nizza',1,'[{\"added\": {}}]',9,1),(240,'2021-09-25 19:11:53.443134','84','Class',1,'[{\"added\": {}}]',9,1),(241,'2021-09-25 20:08:00.157839','85','Banco octo',1,'[{\"added\": {}}]',9,1),(242,'2021-09-25 20:09:12.459347','86','Banco bakhita',1,'[{\"added\": {}}]',9,1),(243,'2021-09-28 14:36:24.049356','87','Banco lisa',1,'[{\"added\": {}}]',9,1),(244,'2021-09-28 14:37:28.723556','88','Banco zebra',1,'[{\"added\": {}}]',9,1),(245,'2021-09-28 14:38:35.869138','89','Runa alta',1,'[{\"added\": {}}]',9,1),(246,'2021-09-28 14:40:07.573310','90','Repiroue',1,'[{\"added\": {}}]',9,1),(247,'2021-09-28 14:42:03.972958','91','RM-9000',1,'[{\"added\": {}}]',9,1),(248,'2021-09-28 14:43:04.542072','92','RP-8000',1,'[{\"added\": {}}]',9,1),(249,'2021-09-28 14:44:05.883139','93','RE-7050',1,'[{\"added\": {}}]',9,1),(250,'2021-09-28 14:48:22.134160','94','Sabrina',1,'[{\"added\": {}}]',9,1),(251,'2021-09-28 14:52:01.442417','95','CP',1,'[{\"added\": {}}]',9,1),(252,'2021-09-28 14:57:50.178627','96','Legender',1,'[{\"added\": {}}]',9,1),(253,'2021-09-28 14:59:24.995760','97','RP-4500',1,'[{\"added\": {}}]',9,1),(254,'2021-09-28 15:08:54.865803','98','RE-780',1,'[{\"added\": {}}]',9,1),(255,'2021-09-28 15:10:02.468404','99','RE-570BL/C/20/23',1,'[{\"added\": {}}]',9,1),(256,'2021-09-28 15:15:59.881435','100','Replay 4 patas rodajas',1,'[{\"added\": {}}]',9,1),(257,'2021-09-28 16:31:55.561218','101','RE-1060',1,'[{\"added\": {}}]',9,1),(258,'2021-09-28 16:33:17.718557','102','RE-1090',1,'[{\"added\": {}}]',9,1),(259,'2021-09-28 16:34:31.371267','103','RE-911',1,'[{\"added\": {}}]',9,1),(260,'2021-09-28 16:36:04.021084','104','RE-1515',1,'[{\"added\": {}}]',9,1),(261,'2021-09-28 16:45:01.961637','105','RE-685',1,'[{\"added\": {}}]',9,1),(262,'2021-09-28 16:47:06.658011','106','Banca Areta',1,'[{\"added\": {}}]',9,1),(263,'2021-09-28 16:47:59.364451','107','Banca replay',1,'[{\"added\": {}}]',9,1),(264,'2021-09-28 16:50:02.729048','108','RE-675',1,'[{\"added\": {}}]',9,1),(265,'2021-09-28 16:52:14.257842','109','KLC 722',1,'[{\"added\": {}}]',9,1),(266,'2021-09-28 16:56:42.160723','110','Zoe Kids',1,'[{\"added\": {}}]',9,1),(267,'2021-09-28 17:00:16.519446','111','RE-921 Butaca universitaria',1,'[{\"added\": {}}]',9,1),(268,'2021-09-28 17:01:12.523743','112','RE-1061',1,'[{\"added\": {}}]',9,1),(269,'2021-09-28 17:02:11.913383','113','Banco nizza',1,'[{\"added\": {}}]',9,1),(270,'2021-09-28 17:15:47.620578','114','Pure Loop Lounge',1,'[{\"added\": {}}]',9,1),(271,'2021-09-28 17:16:46.411087','115','Silla Replay / tapiz',1,'[{\"added\": {}}]',9,1),(272,'2021-09-28 17:18:25.975645','116','Silla Areta / tapiz',1,'[{\"added\": {}}]',9,1),(273,'2021-09-28 17:20:54.794816','117','Cubiertas sevelit',1,'[{\"added\": {}}]',9,1),(274,'2021-09-28 17:22:07.435556','118','RI-50',1,'[{\"added\": {}}]',9,1),(275,'2021-09-28 17:23:12.447986','119','R1-100',1,'[{\"added\": {}}]',9,1),(276,'2021-09-28 17:24:30.925620','120','RS-490-45',1,'[{\"added\": {}}]',9,1),(277,'2021-09-28 17:32:56.149612','121','RS-460-45',1,'[{\"added\": {}}]',9,1),(278,'2021-09-28 17:37:31.679239','122','Replay banco',1,'[{\"added\": {}}]',9,1),(279,'2021-09-28 19:11:28.701310','123','Iris',1,'[{\"added\": {}}]',9,1),(280,'2021-09-28 19:12:30.702233','124','Silla 1201',1,'[{\"added\": {}}]',9,1),(281,'2021-09-28 19:13:35.096626','125','RS-500/45',1,'[{\"added\": {}}]',9,1),(282,'2021-09-28 19:14:24.159907','126','Zebra Natural',1,'[{\"added\": {}}]',9,1),(283,'2021-09-28 19:15:17.907343','127','Zebra Natural Tapizada',1,'[{\"added\": {}}]',9,1),(284,'2021-09-28 19:15:25.522854','127','Zebra Natural Tapizada',2,'[]',9,1),(285,'2021-09-28 19:16:18.691773','128','Anette pata madera',1,'[{\"added\": {}}]',9,1),(286,'2021-09-28 19:36:24.083435','129','Metropolis',1,'[{\"added\": {}}]',9,1),(287,'2021-09-28 19:37:15.808176','130','Canova',1,'[{\"added\": {}}]',9,1),(288,'2021-09-28 19:38:06.051710','131','Tondina',1,'[{\"added\": {}}]',9,1),(289,'2021-09-28 19:41:49.254636','132','Next',1,'[{\"added\": {}}]',9,1),(290,'2021-09-28 19:42:32.839903','133','Lady B tapizada trineo',1,'[{\"added\": {}}]',9,1),(291,'2021-09-28 19:43:13.346254','134','Nell pata madera',1,'[{\"added\": {}}]',9,1),(292,'2021-09-28 19:44:02.525321','135','Rubik Sofa y sillon',1,'[{\"added\": {}}]',9,1),(293,'2021-09-28 19:44:45.747689','136','Bombom',1,'[{\"added\": {}}]',9,1),(294,'2021-09-28 19:45:32.536196','137','Kram',1,'[{\"added\": {}}]',9,1),(295,'2021-09-28 19:46:56.757238','138','Mesa drop',1,'[{\"added\": {}}]',9,1),(296,'2021-09-28 19:48:05.997728','139','Nuta con brazo',1,'[{\"added\": {}}]',9,1),(297,'2021-09-28 19:49:05.676415','140','Set Olimpia',1,'[{\"added\": {}}]',9,1),(298,'2021-09-28 19:52:29.012276','141','Sirio',1,'[{\"added\": {}}]',9,1),(299,'2021-09-28 20:09:02.938720','142','Ola',1,'[{\"added\": {}}]',9,1),(300,'2021-09-28 20:10:03.121452','143','Bon bon',1,'[{\"added\": {}}]',9,1),(301,'2021-09-28 20:10:54.987947','144','Gala con rodajas',1,'[{\"added\": {}}]',9,1),(302,'2021-09-28 20:11:42.923809','145','Brek con rodajas',1,'[{\"added\": {}}]',9,1),(303,'2021-09-28 20:12:32.778171','146','Annette con rodajas',1,'[{\"added\": {}}]',9,1),(304,'2021-09-28 20:13:19.853761','147','Amyopen rodajas',1,'[{\"added\": {}}]',9,1),(305,'2021-09-28 20:14:05.643770','148','Nell rodajas',1,'[{\"added\": {}}]',9,1),(306,'2021-09-28 20:14:52.580149','149','Areta giratoria rodajas malla',1,'[{\"added\": {}}]',9,1),(307,'2021-09-28 20:15:36.595658','150','Replay giratoria rodajas/tapiz',1,'[{\"added\": {}}]',9,1),(308,'2021-09-28 20:16:19.735195','151','Re-1500',1,'[{\"added\": {}}]',9,1),(309,'2021-09-28 20:17:09.796482','152','Re-1100',1,'[{\"added\": {}}]',9,1),(310,'2021-09-28 20:56:13.324841','153','RS-680 / 45GR',1,'[{\"added\": {}}]',9,1),(311,'2021-09-28 20:57:51.265647','154','RM-9016',1,'[{\"added\": {}}]',9,1),(312,'2021-09-28 20:58:50.133418','155','RM-9014',1,'[{\"added\": {}}]',9,1),(313,'2021-09-28 21:00:09.440703','63','RE-3030',2,'[{\"changed\": {\"fields\": [\"Nombre\"]}}]',9,1),(314,'2021-09-28 21:01:45.460301','156','RE-3031',1,'[{\"added\": {}}]',9,1),(315,'2021-09-28 21:31:24.227304','86','Banco bakhita',2,'[{\"changed\": {\"fields\": [\"Categoria\", \"Subcategoria\"]}}]',9,1),(316,'2021-09-28 21:32:17.947698','52','Mesa Step',2,'[{\"changed\": {\"fields\": [\"Nombre\", \"Categoria\", \"Subcategoria\"]}}]',9,1),(317,'2021-09-28 21:33:23.111508','157','Sun lounger podio',1,'[{\"added\": {}}]',9,1),(318,'2021-09-28 21:34:09.318125','158','Surfy outdoor',1,'[{\"added\": {}}]',9,1),(319,'2021-09-28 21:34:42.107072','159','Set modelos Link',1,'[{\"added\": {}}]',9,1),(320,'2021-09-28 21:35:51.939456','160','Choppy',1,'[{\"added\": {}}]',9,1),(321,'2021-09-28 21:36:27.001574','161','Finferlo / gaber',1,'[{\"added\": {}}]',9,1),(322,'2021-09-28 21:37:11.165220','162','Momy rosseto',1,'[{\"added\": {}}]',9,1),(323,'2021-09-28 21:37:48.912995','163','Bob rosseto',1,'[{\"added\": {}}]',9,1),(324,'2021-09-28 21:39:15.068116','164','Paneles acústicos gaber',1,'[{\"added\": {}}]',9,1),(325,'2021-09-28 21:39:47.964978','165','Muffle estación de trabajo (A02)',1,'[{\"added\": {}}]',9,1),(326,'2021-09-28 21:40:21.920441','166','Muffle A03',1,'[{\"added\": {}}]',9,1),(327,'2021-09-28 21:41:15.955858','167','Muffle B02',1,'[{\"added\": {}}]',9,1),(328,'2021-09-28 21:41:45.211573','168','Muffle C01',1,'[{\"added\": {}}]',9,1),(329,'2021-09-28 21:44:59.746409','169','Muffle C02',1,'[{\"added\": {}}]',9,1),(330,'2021-09-28 21:45:33.213282','170','Muffle B01',1,'[{\"added\": {}}]',9,1),(331,'2021-09-28 21:46:00.988114','171','Muffle C05',1,'[{\"added\": {}}]',9,1),(332,'2021-09-29 17:36:44.559438','5','Comercial',2,'[{\"changed\": {\"fields\": [\"Image\"]}}]',7,1),(333,'2021-09-29 17:36:55.502586','2','Educación',2,'[{\"changed\": {\"fields\": [\"Image\"]}}]',7,1),(334,'2021-09-29 17:37:05.781738','3','Healt Care',2,'[{\"changed\": {\"fields\": [\"Image\"]}}]',7,1),(335,'2021-09-29 17:37:16.183741','7','Home Office',2,'[{\"changed\": {\"fields\": [\"Image\"]}}]',7,1),(336,'2021-09-29 17:37:27.775517','1','Hotelería',2,'[{\"changed\": {\"fields\": [\"Image\"]}}]',7,1),(337,'2021-09-29 17:37:41.346714','4','Industrial',2,'[{\"changed\": {\"fields\": [\"Image\"]}}]',7,1),(338,'2021-09-29 17:38:02.152464','8','Oficina',2,'[{\"changed\": {\"fields\": [\"Image\"]}}]',7,1),(339,'2021-09-29 17:38:11.914407','6','Residencial',2,'[{\"changed\": {\"fields\": [\"Image\"]}}]',7,1),(340,'2021-09-29 22:08:12.253919','5','Comercial',2,'[{\"changed\": {\"fields\": [\"Image\"]}}]',7,1),(341,'2021-09-29 22:08:23.305000','2','Educación',2,'[{\"changed\": {\"fields\": [\"Image\"]}}]',7,1),(342,'2021-09-29 22:08:33.291526','3','Healt Care',2,'[{\"changed\": {\"fields\": [\"Image\"]}}]',7,1),(343,'2021-09-29 22:08:52.534201','7','Home Office',2,'[{\"changed\": {\"fields\": [\"Image\"]}}]',7,1),(344,'2021-09-29 22:08:58.228443','1','Hotelería',2,'[]',7,1),(345,'2021-09-29 22:09:15.578958','1','Hotelería',2,'[{\"changed\": {\"fields\": [\"Image\"]}}]',7,1),(346,'2021-09-29 22:09:26.220824','4','Industrial',2,'[{\"changed\": {\"fields\": [\"Image\"]}}]',7,1),(347,'2021-09-29 22:09:36.586728','8','Oficina',2,'[{\"changed\": {\"fields\": [\"Image\"]}}]',7,1),(348,'2021-09-29 22:09:46.928172','6','Residencial',2,'[{\"changed\": {\"fields\": [\"Image\"]}}]',7,1),(349,'2021-09-30 21:47:56.040383','172','Panky gaber',1,'[{\"added\": {}}]',9,1),(350,'2021-09-30 21:48:40.024073','173','Akami giratoria',1,'[{\"added\": {}}]',9,1),(351,'2021-09-30 21:49:21.500528','174','V conference table',1,'[{\"added\": {}}]',9,1),(352,'2021-09-30 21:53:18.437252','175','Bases',1,'[{\"added\": {}}]',9,1),(353,'2021-09-30 21:54:11.759621','176','Cubiertas',1,'[{\"added\": {}}]',9,1),(354,'2021-09-30 21:54:49.271466','177','Canvas lounge',1,'[{\"added\": {}}]',9,1),(355,'2021-09-30 21:55:17.932795','178','Mesa lateral Arket',1,'[{\"added\": {}}]',9,1),(356,'2021-09-30 21:55:54.282139','179','Nemo lateral',1,'[{\"added\": {}}]',9,1),(357,'2021-09-30 21:56:20.946569','180','3-pof mesa lateral',1,'[{\"added\": {}}]',9,1),(358,'2021-09-30 21:56:45.781814','181','Mesas bajas compact',1,'[{\"added\": {}}]',9,1),(359,'2021-09-30 21:57:27.249675','182','Social-ize gaber',1,'[{\"added\": {}}]',9,1),(360,'2021-10-01 14:32:09.824438','183','Selección de bancos',1,'[{\"added\": {}}]',9,1),(361,'2021-10-01 14:33:16.086354','184','Sofía Set',1,'[{\"added\": {}}]',9,1),(362,'2021-10-01 14:33:48.463901','185','Todos los bancos',1,'[{\"added\": {}}]',9,1),(363,'2021-10-01 15:03:16.726221','71','KLC re-720',2,'[{\"changed\": {\"fields\": [\"Imagen Principal\", \"Imagen 1\", \"Imagen 2\"]}}]',9,1),(364,'2021-10-01 15:03:32.386516','109','KLC 722',2,'[{\"changed\": {\"fields\": [\"Imagen Principal\"]}}]',9,1),(365,'2021-10-01 15:04:50.881648','63','RE-3030',2,'[{\"changed\": {\"fields\": [\"Imagen Principal\", \"Imagen 1\", \"Imagen 2\"]}}]',9,1),(366,'2021-10-01 15:05:47.765085','99','RE-570BL/C/20/23',2,'[{\"changed\": {\"fields\": [\"Imagen Principal\", \"Imagen 1\", \"Imagen 2\"]}}]',9,1),(367,'2021-10-01 15:07:37.252027','48','RE-614',2,'[{\"changed\": {\"fields\": [\"Imagen Principal\"]}}]',9,1),(368,'2021-10-01 15:07:54.412490','49','RE-615',2,'[{\"changed\": {\"fields\": [\"Imagen Principal\"]}}]',9,1),(369,'2021-10-01 15:08:55.651045','108','RE-675',2,'[{\"changed\": {\"fields\": [\"Imagen Principal\", \"Imagen 1\", \"Imagen 2\"]}}]',9,1),(370,'2021-10-01 15:09:29.793973','105','RE-685',2,'[{\"changed\": {\"fields\": [\"Imagen Principal\", \"Imagen 1\"]}}]',9,1),(371,'2021-10-01 15:15:37.113317','98','RE-780',2,'[{\"changed\": {\"fields\": [\"Imagen Principal\", \"Imagen 1\"]}}]',9,1),(372,'2021-10-01 15:16:16.583677','103','RE-911',2,'[{\"changed\": {\"fields\": [\"Imagen Principal\", \"Imagen 1\", \"Imagen 2\"]}}]',9,1),(373,'2021-10-01 15:21:36.733806','101','RE-1060',2,'[{\"changed\": {\"fields\": [\"Imagen Principal\"]}}]',9,1),(374,'2021-10-01 15:24:24.176390','112','RE-1061',2,'[{\"changed\": {\"fields\": [\"Imagen Principal\", \"Imagen 1\", \"Imagen 2\"]}}]',9,1),(375,'2021-10-01 15:25:01.726504','102','RE-1090',2,'[{\"changed\": {\"fields\": [\"Imagen Principal\"]}}]',9,1),(376,'2021-10-01 15:40:07.794698','152','Re-1100',2,'[{\"changed\": {\"fields\": [\"Imagen Principal\", \"Imagen 1\"]}}]',9,1),(377,'2021-10-01 15:44:20.744792','56','RE-1361',2,'[{\"changed\": {\"fields\": [\"Nombre\"]}}]',9,1),(378,'2021-10-01 15:47:00.900325','186','RE-1360',1,'[{\"added\": {}}]',9,1),(379,'2021-10-01 15:57:14.820634','151','RE-1500',2,'[{\"changed\": {\"fields\": [\"Nombre\"]}}]',9,1),(380,'2021-10-01 15:57:56.696248','104','RE-1515',2,'[{\"changed\": {\"fields\": [\"Imagen Principal\", \"Imagen 1\"]}}]',9,1),(381,'2021-10-01 15:58:41.566381','58','RE-1600',2,'[{\"changed\": {\"fields\": [\"Imagen Principal\", \"Imagen 1\", \"Imagen 2\", \"Imagen 3\"]}}]',9,1),(382,'2021-10-01 15:59:27.831772','57','RE-1601',2,'[{\"changed\": {\"fields\": [\"Imagen Principal\", \"Imagen 1\", \"Imagen 2\"]}}]',9,1),(383,'2021-10-01 16:00:43.594495','62','RE-1750',2,'[{\"changed\": {\"fields\": [\"Imagen Principal\", \"Imagen 1\"]}}]',9,1),(384,'2021-10-01 16:08:36.364628','82','RE-7000',2,'[{\"changed\": {\"fields\": [\"Imagen Principal\", \"Imagen 1\"]}}]',9,1),(385,'2021-10-07 20:16:40.291550','180','3-pof mesa lateral',2,'[{\"changed\": {\"fields\": [\"Imagen Principal\"]}}]',9,1),(386,'2021-10-07 20:17:29.111067','173','Akami giratoria',2,'[{\"changed\": {\"fields\": [\"Imagen Principal\", \"Imagen 1\", \"Imagen 2\"]}}]',9,1),(387,'2021-10-07 20:18:19.640906','51','Aktiva',2,'[{\"changed\": {\"fields\": [\"Imagen Principal\", \"Imagen 1\", \"Imagen 2\", \"Imagen 3\"]}}]',9,1),(388,'2021-10-07 20:18:49.447313','16','Arket',2,'[{\"changed\": {\"fields\": [\"Imagen Principal\", \"Imagen 1\"]}}]',9,1),(389,'2021-10-07 20:19:26.791994','87','Banco lisa',2,'[{\"changed\": {\"fields\": [\"Imagen Principal\", \"Imagen 1\", \"Imagen 2\"]}}]',9,1),(390,'2021-10-07 20:20:04.980822','163','Bob rosseto',2,'[{\"changed\": {\"fields\": [\"Imagen Principal\", \"Imagen 1\", \"Imagen 2\"]}}]',9,1),(391,'2021-10-07 20:21:44.979681','160','Choppy',2,'[]',9,1),(392,'2021-10-07 20:22:06.612622','160','Choppy',2,'[{\"changed\": {\"fields\": [\"Imagen Principal\", \"Imagen 1\", \"Imagen 2\"]}}]',9,1),(393,'2021-10-07 20:22:55.272432','161','Finferlo',2,'[{\"changed\": {\"fields\": [\"Nombre\", \"Imagen Principal\", \"Imagen 1\"]}}]',9,1),(394,'2021-10-07 20:23:18.593301','26','Gala',2,'[{\"changed\": {\"fields\": [\"Imagen Principal\"]}}]',9,1),(395,'2021-10-07 20:23:37.574035','144','Gala con rodajas',2,'[{\"changed\": {\"fields\": [\"Imagen Principal\", \"Imagen 1\"]}}]',9,1),(396,'2021-10-07 20:24:40.926934','162','Momy rosseto',2,'[{\"changed\": {\"fields\": [\"Imagen Principal\", \"Imagen 1\"]}}]',9,1),(397,'2021-10-07 20:25:36.918440','165','Muffle A02',2,'[{\"changed\": {\"fields\": [\"Nombre\", \"Imagen Principal\"]}}]',9,1),(398,'2021-10-07 20:25:50.773350','166','Muffle A03',2,'[{\"changed\": {\"fields\": [\"Imagen Principal\"]}}]',9,1),(399,'2021-10-07 20:26:02.384497','170','Muffle B01',2,'[{\"changed\": {\"fields\": [\"Imagen Principal\"]}}]',9,1),(400,'2021-10-07 20:26:15.893867','171','Muffle C05',2,'[{\"changed\": {\"fields\": [\"Imagen Principal\"]}}]',9,1),(401,'2021-10-07 20:33:50.414071','179','Nemo lateral',2,'[{\"changed\": {\"fields\": [\"Imagen Principal\", \"Imagen 1\"]}}]',9,1),(402,'2021-10-07 20:46:12.447117','164','Paneles acústicos',2,'[{\"changed\": {\"fields\": [\"Nombre\", \"Imagen Principal\", \"Imagen 1\", \"Imagen 2\"]}}]',9,1),(403,'2021-10-07 20:46:50.185679','172','Panky',2,'[{\"changed\": {\"fields\": [\"Nombre\", \"Imagen Principal\", \"Imagen 1\", \"Imagen 2\"]}}]',9,1),(404,'2021-10-07 20:47:22.642133','159','Set modelos Link',2,'[{\"changed\": {\"fields\": [\"Imagen Principal\", \"Imagen 1\", \"Imagen 2\", \"Imagen 3\"]}}]',9,1),(405,'2021-10-07 20:48:01.287992','182','Social-ize',2,'[{\"changed\": {\"fields\": [\"Nombre\", \"Imagen Principal\", \"Imagen 1\", \"Imagen 2\"]}}]',9,1),(406,'2021-10-07 20:48:27.750842','184','Sofía Set',2,'[{\"changed\": {\"fields\": [\"Imagen Principal\", \"Imagen 1\"]}}]',9,1),(407,'2021-10-07 20:48:56.123458','157','Sun lounger podio',2,'[{\"changed\": {\"fields\": [\"Imagen Principal\", \"Imagen 1\", \"Imagen 2\"]}}]',9,1),(408,'2021-10-07 20:49:57.708605','158','Surfy',2,'[{\"changed\": {\"fields\": [\"Nombre\"]}}]',9,1),(409,'2021-10-07 20:50:20.430596','158','Surfy',2,'[{\"changed\": {\"fields\": [\"Imagen Principal\", \"Imagen 1\", \"Imagen 2\"]}}]',9,1),(410,'2021-10-07 20:51:10.731306','54','X10',2,'[{\"changed\": {\"fields\": [\"Imagen Principal\", \"Imagen 1\", \"Imagen 2\"]}}]',9,1),(411,'2021-10-07 21:06:56.515083','174','Versable',2,'[{\"changed\": {\"fields\": [\"Nombre\", \"Imagen Principal\", \"Imagen 1\", \"Imagen 2\"]}}]',9,1),(412,'2021-10-07 21:08:52.189851','177','Kanvas lounge',2,'[{\"changed\": {\"fields\": [\"Nombre\", \"Imagen Principal\", \"Imagen 1\"]}}]',9,1),(413,'2021-10-08 17:26:08.396349','9','Productos Especiales',1,'[{\"added\": {}}]',7,1),(414,'2021-10-08 17:49:59.738019','180','3-pof mesa lateral',2,'[{\"changed\": {\"fields\": [\"Categoria\", \"Subcategoria\"]}}]',9,1),(415,'2021-10-08 17:50:28.482327','173','Akami giratoria',2,'[{\"changed\": {\"fields\": [\"Categoria\", \"Subcategoria\"]}}]',9,1),(416,'2021-10-08 17:51:14.749798','51','Aktiva',2,'[{\"changed\": {\"fields\": [\"Categoria\", \"Subcategoria\"]}}]',9,1),(417,'2021-10-08 17:52:04.774781','178','Mesa lateral Arket',2,'[{\"changed\": {\"fields\": [\"Categoria\", \"Subcategoria\"]}}]',9,1),(418,'2021-10-08 17:53:19.718730','87','Banco lisa',2,'[{\"changed\": {\"fields\": [\"Categoria\", \"Subcategoria\", \"Descripcion\", \"Caracteristicas\", \"Medidas\", \"Materiales\", \"Colores\", \"Certificaciones\"]}}]',9,1),(419,'2021-10-08 17:53:43.384787','163','Bob rosseto',2,'[{\"changed\": {\"fields\": [\"Categoria\", \"Subcategoria\"]}}]',9,1),(420,'2021-10-08 17:53:58.955192','160','Choppy',2,'[{\"changed\": {\"fields\": [\"Categoria\", \"Subcategoria\"]}}]',9,1),(421,'2021-10-08 17:54:19.565656','161','Finferlo',2,'[{\"changed\": {\"fields\": [\"Categoria\", \"Subcategoria\"]}}]',9,1),(422,'2021-10-08 17:58:12.904450','177','Kanvas lounge',2,'[{\"changed\": {\"fields\": [\"Categoria\", \"Subcategoria\"]}}]',9,1),(423,'2021-10-08 17:58:26.501599','162','Momy rosseto',2,'[{\"changed\": {\"fields\": [\"Categoria\", \"Subcategoria\"]}}]',9,1),(424,'2021-10-08 17:58:59.156630','165','Muffle A02',2,'[{\"changed\": {\"fields\": [\"Categoria\", \"Subcategoria\"]}}]',9,1),(425,'2021-10-08 17:59:10.104703','166','Muffle A03',2,'[{\"changed\": {\"fields\": [\"Categoria\", \"Subcategoria\"]}}]',9,1),(426,'2021-10-08 17:59:18.839295','170','Muffle B01',2,'[{\"changed\": {\"fields\": [\"Categoria\", \"Subcategoria\"]}}]',9,1),(427,'2021-10-08 17:59:31.441000','167','Muffle B02',2,'[{\"changed\": {\"fields\": [\"Categoria\", \"Subcategoria\"]}}]',9,1),(428,'2021-10-08 17:59:42.240285','168','Muffle C01',2,'[{\"changed\": {\"fields\": [\"Categoria\", \"Subcategoria\"]}}]',9,1),(429,'2021-10-08 17:59:51.322329','169','Muffle C02',2,'[{\"changed\": {\"fields\": [\"Categoria\", \"Subcategoria\"]}}]',9,1),(430,'2021-10-08 18:00:00.312387','171','Muffle C05',2,'[{\"changed\": {\"fields\": [\"Categoria\", \"Subcategoria\"]}}]',9,1),(431,'2021-10-08 18:00:17.424538','179','Nemo lateral',2,'[{\"changed\": {\"fields\": [\"Categoria\", \"Subcategoria\"]}}]',9,1),(432,'2021-10-08 18:00:36.543951','164','Paneles acústicos',2,'[{\"changed\": {\"fields\": [\"Categoria\", \"Subcategoria\"]}}]',9,1),(433,'2021-10-08 18:00:52.039900','172','Panky',2,'[{\"changed\": {\"fields\": [\"Categoria\", \"Subcategoria\"]}}]',9,1),(434,'2021-10-08 18:01:08.203116','159','Set modelos Link',2,'[{\"changed\": {\"fields\": [\"Categoria\", \"Subcategoria\"]}}]',9,1),(435,'2021-10-08 18:01:25.825372','184','Sofía Set',2,'[{\"changed\": {\"fields\": [\"Categoria\", \"Subcategoria\"]}}]',9,1),(436,'2021-10-08 18:01:46.563319','182','Social-ize',2,'[{\"changed\": {\"fields\": [\"Categoria\", \"Subcategoria\"]}}]',9,1),(437,'2021-10-08 18:01:59.890782','157','Sun lounger podio',2,'[{\"changed\": {\"fields\": [\"Categoria\", \"Subcategoria\"]}}]',9,1),(438,'2021-10-08 18:02:14.594363','158','Surfy',2,'[{\"changed\": {\"fields\": [\"Categoria\", \"Subcategoria\"]}}]',9,1),(439,'2021-10-08 18:02:28.068860','174','Versable',2,'[{\"changed\": {\"fields\": [\"Categoria\", \"Subcategoria\"]}}]',9,1),(440,'2021-10-08 20:57:47.223451','9','Productos Especiales',2,'[{\"changed\": {\"fields\": [\"Image\"]}}]',7,1),(441,'2021-10-11 23:20:27.240606','30','Exterior',2,'[{\"changed\": {\"fields\": [\"Image\"]}}]',10,1),(442,'2021-10-11 23:20:35.341921','29','Barras de Cocina',2,'[{\"changed\": {\"fields\": [\"Image\"]}}]',10,1),(443,'2021-10-11 23:20:46.388248','28','Salas',2,'[{\"changed\": {\"fields\": [\"Image\"]}}]',10,1),(444,'2021-10-11 23:20:53.799674','27','Comedores',2,'[{\"changed\": {\"fields\": [\"Image\"]}}]',10,1),(445,'2021-10-11 23:21:08.531377','26','Áreas Productivas',2,'[{\"changed\": {\"fields\": [\"Image\"]}}]',10,1),(446,'2021-10-11 23:21:18.039674','25','Comedores Industriales',2,'[{\"changed\": {\"fields\": [\"Image\"]}}]',10,1),(447,'2021-10-11 23:21:34.637387','24','Plazas Comerciales',2,'[{\"changed\": {\"fields\": [\"Image\"]}}]',10,1),(448,'2021-10-11 23:21:41.944560','23','Puntos de Venta',2,'[{\"changed\": {\"fields\": [\"Image\"]}}]',10,1),(449,'2021-10-11 23:21:50.581711','22','Agencias',2,'[{\"changed\": {\"fields\": [\"Image\"]}}]',10,1),(450,'2021-10-11 23:22:01.679679','21','Bares y Restaurantes',2,'[{\"changed\": {\"fields\": [\"Image\"]}}]',10,1),(451,'2021-10-11 23:22:21.155288','20','Laboratorios',2,'[{\"changed\": {\"fields\": [\"Image\"]}}]',10,1),(452,'2021-10-11 23:22:31.686593','19','Consultorios',2,'[{\"changed\": {\"fields\": [\"Image\"]}}]',10,1),(453,'2021-10-11 23:22:44.428695','18','Clínicas',2,'[{\"changed\": {\"fields\": [\"Image\"]}}]',10,1),(454,'2021-10-11 23:23:04.180589','17','Cafeterías',2,'[{\"changed\": {\"fields\": [\"Image\"]}}]',10,1),(455,'2021-10-11 23:23:29.824084','16','Habitaciones',2,'[{\"changed\": {\"fields\": [\"Image\"]}}]',10,1),(456,'2021-10-11 23:24:25.714076','14','Áreas Comunes',2,'[{\"changed\": {\"fields\": [\"Image\"]}}]',10,1),(457,'2021-10-11 23:24:34.557197','13','Pupitre',2,'[{\"changed\": {\"fields\": [\"Image\"]}}]',10,1),(458,'2021-10-11 23:24:43.018926','12','Auditorios',2,'[{\"changed\": {\"fields\": [\"Image\"]}}]',10,1),(459,'2021-10-11 23:25:02.132456','11','Oficina Ejecutiva',2,'[{\"changed\": {\"fields\": [\"Image\"]}}]',10,1),(460,'2021-10-11 23:25:12.721241','10','Cabinas',2,'[{\"changed\": {\"fields\": [\"Image\"]}}]',10,1),(461,'2021-10-11 23:25:22.130453','9','Work Café',2,'[{\"changed\": {\"fields\": [\"Image\"]}}]',10,1),(462,'2021-10-11 23:25:40.416655','8','Lounge',2,'[{\"changed\": {\"fields\": [\"Image\"]}}]',10,1),(463,'2021-10-11 23:25:51.571834','7','Reunión',2,'[{\"changed\": {\"fields\": [\"Image\"]}}]',10,1),(464,'2021-10-11 23:26:03.319935','6','Colaborativas',2,'[{\"changed\": {\"fields\": [\"Image\"]}}]',10,1),(465,'2021-10-11 23:26:17.928571','5','Espacios de Trabajo',2,'[{\"changed\": {\"fields\": [\"Image\"]}}]',10,1),(466,'2021-10-11 23:26:41.770668','4','Eventos',2,'[{\"changed\": {\"fields\": [\"Image\"]}}]',10,1),(467,'2021-10-11 23:26:52.052046','3','Habitaciones',2,'[{\"changed\": {\"fields\": [\"Image\"]}}]',10,1),(468,'2021-10-11 23:27:02.356997','2','Áreas Lounge',2,'[{\"changed\": {\"fields\": [\"Image\"]}}]',10,1),(469,'2021-10-11 23:27:11.638234','1','Ambientes Exterior',2,'[{\"changed\": {\"fields\": [\"Image\"]}}]',10,1),(470,'2021-10-11 23:27:32.426706','15','Lounge / Espera',2,'[{\"changed\": {\"fields\": [\"Image\"]}}]',10,1),(471,'2021-10-12 14:25:48.842277','79','Contessa',2,'[{\"changed\": {\"fields\": [\"Imagen Principal\", \"Imagen 1\", \"Imagen 2\", \"Imagen 3\"]}}]',9,1),(472,'2021-10-12 14:26:48.762574','95','CP',2,'[{\"changed\": {\"fields\": [\"Imagen Principal\", \"Imagen 1\", \"Imagen 2\"]}}]',9,1),(473,'2021-10-12 14:27:34.052121','67','Finora',2,'[{\"changed\": {\"fields\": [\"Imagen Principal\", \"Imagen 1\", \"Imagen 2\", \"Imagen 3\"]}}]',9,1),(474,'2021-10-12 14:31:32.607333','96','Legender',2,'[{\"changed\": {\"fields\": [\"Imagen Principal\", \"Imagen 1\", \"Imagen 2\", \"Imagen 3\"]}}]',9,1),(475,'2021-10-12 14:32:10.905496','75','Leopard',2,'[{\"changed\": {\"fields\": [\"Imagen Principal\", \"Imagen 1\", \"Imagen 2\"]}}]',9,1),(476,'2021-10-12 14:33:03.318545','74','Lives Lounge',2,'[{\"changed\": {\"fields\": [\"Nombre\", \"Imagen Principal\", \"Imagen 1\", \"Imagen 2\", \"Imagen 3\"]}}]',9,1),(477,'2021-10-12 14:33:50.277507','64','Lives Work',2,'[{\"changed\": {\"fields\": [\"Nombre\", \"Imagen Principal\", \"Imagen 1\", \"Imagen 2\", \"Imagen 3\"]}}]',9,1),(478,'2021-10-12 14:36:16.006260','165','Muffle A02',2,'[{\"changed\": {\"fields\": [\"Imagen 1\"]}}]',9,1),(479,'2021-10-12 14:36:24.804174','166','Muffle A03',2,'[{\"changed\": {\"fields\": [\"Imagen 1\"]}}]',9,1),(480,'2021-10-12 14:36:34.252264','170','Muffle B01',2,'[{\"changed\": {\"fields\": [\"Imagen 1\"]}}]',9,1),(481,'2021-10-12 14:36:47.737453','167','Muffle B02',2,'[{\"changed\": {\"fields\": [\"Imagen Principal\"]}}]',9,1),(482,'2021-10-12 14:37:03.063043','168','Muffle C01',2,'[{\"changed\": {\"fields\": [\"Imagen Principal\"]}}]',9,1),(483,'2021-10-12 14:37:14.644738','169','Muffle C02',2,'[{\"changed\": {\"fields\": [\"Imagen Principal\"]}}]',9,1),(484,'2021-10-12 14:37:24.848934','171','Muffle C05',2,'[{\"changed\": {\"fields\": [\"Imagen 1\"]}}]',9,1),(485,'2021-10-12 14:38:42.755704','81','Plimode',2,'[{\"changed\": {\"fields\": [\"Imagen Principal\", \"Imagen 1\", \"Imagen 2\", \"Imagen 3\"]}}]',9,1),(486,'2021-10-12 14:39:08.460107','90','Repiroue',2,'[{\"changed\": {\"fields\": [\"Imagen Principal\", \"Imagen 1\"]}}]',9,1),(487,'2021-10-12 14:52:41.783561','73','Risefit',2,'[{\"changed\": {\"fields\": [\"Nombre\", \"Imagen Principal\", \"Imagen 1\", \"Imagen 2\"]}}]',9,1),(488,'2021-10-12 15:14:36.764207','65','Runa silla',2,'[{\"changed\": {\"fields\": [\"Imagen Principal\", \"Imagen 1\", \"Imagen 2\", \"Imagen 3\"]}}]',9,1),(489,'2021-10-12 15:14:54.768039','89','Runa alta',2,'[{\"changed\": {\"fields\": [\"Imagen Principal\", \"Imagen 1\"]}}]',9,1),(490,'2021-10-12 15:15:41.609518','94','Sabrina',2,'[{\"changed\": {\"fields\": [\"Imagen Principal\", \"Imagen 1\", \"Imagen 2\", \"Imagen 3\"]}}]',9,1),(491,'2021-10-12 15:16:40.684669','80','Sylphy',2,'[{\"changed\": {\"fields\": [\"Imagen Principal\", \"Imagen 1\", \"Imagen 2\", \"Imagen 3\"]}}]',9,1),(492,'2021-10-12 15:31:00.183610','21','Amyopen',2,'[{\"changed\": {\"fields\": [\"Imagen 1\", \"Imagen 2\", \"Imagen 3\"]}}]',9,1),(493,'2021-10-12 15:31:26.959139','21','Amyopen',2,'[]',9,1),(494,'2021-10-12 15:32:11.740681','147','Amyopen rodajas',2,'[{\"changed\": {\"fields\": [\"Imagen Principal\", \"Imagen 1\", \"Imagen 2\"]}}]',9,1),(495,'2021-10-12 15:33:04.481322','128','Anette Base Madera',2,'[{\"changed\": {\"fields\": [\"Nombre\", \"Imagen Principal\", \"Imagen 1\"]}}]',9,1),(496,'2021-10-12 15:33:39.582176','22','Annette',2,'[{\"changed\": {\"fields\": [\"Imagen Principal\", \"Imagen 1\", \"Imagen 2\", \"Imagen 3\"]}}]',9,1),(497,'2021-10-12 15:33:55.515364','22','Annette',2,'[{\"changed\": {\"fields\": [\"Imagen Principal\", \"Imagen 1\"]}}]',9,1),(498,'2021-10-12 15:34:09.000471','146','Annette con rodajas',2,'[{\"changed\": {\"fields\": [\"Imagen Principal\"]}}]',9,1),(499,'2021-10-12 15:50:50.722589','16','Arket',2,'[{\"changed\": {\"fields\": [\"Imagen 2\"]}}]',9,1),(500,'2021-10-12 15:52:27.162734','106','Banca Areta',2,'[{\"changed\": {\"fields\": [\"Imagen Principal\"]}}]',9,1),(501,'2021-10-12 15:52:46.769139','107','Banca replay',2,'[{\"changed\": {\"fields\": [\"Imagen Principal\", \"Imagen 1\"]}}]',9,1),(502,'2021-10-12 15:53:23.109981','86','Banco bakhita',2,'[{\"changed\": {\"fields\": [\"Imagen Principal\"]}}]',9,1),(503,'2021-10-12 15:54:07.703154','87','Banco lisa',2,'[{\"changed\": {\"fields\": [\"Imagen Principal\", \"Imagen 1\", \"Imagen 2\"]}}]',9,1),(504,'2021-10-12 15:54:22.690741','87','Banco lisa',2,'[{\"changed\": {\"fields\": [\"Imagen Principal\"]}}]',9,1),(505,'2021-10-12 15:54:40.572148','113','Banco nizza',2,'[{\"changed\": {\"fields\": [\"Imagen Principal\"]}}]',9,1),(506,'2021-10-12 15:56:10.176654','88','Banco zebra',2,'[{\"changed\": {\"fields\": [\"Imagen Principal\", \"Imagen 1\", \"Imagen 2\", \"Imagen 3\"]}}]',9,1),(507,'2021-10-12 15:57:03.593121','19','Nemo (base)',2,'[{\"changed\": {\"fields\": [\"Imagen Principal\", \"Imagen 1\", \"Imagen 2\"]}}]',9,1),(508,'2021-10-12 15:58:08.331820','143','Bon bon',2,'[{\"changed\": {\"fields\": [\"Imagen Principal\", \"Imagen 1\", \"Imagen 2\"]}}]',9,1),(509,'2021-10-12 15:58:57.820482','23','Breck & Lounge',2,'[{\"changed\": {\"fields\": [\"Imagen Principal\", \"Imagen 1\", \"Imagen 2\"]}}]',9,1),(510,'2021-10-12 16:00:09.392867','76','Brek',2,'[{\"changed\": {\"fields\": [\"Imagen Principal\", \"Imagen 1\", \"Imagen 2\", \"Imagen 3\"]}}]',9,1),(511,'2021-10-12 16:00:56.737338','145','Brek con rodajas',2,'[{\"changed\": {\"fields\": [\"Imagen Principal\", \"Imagen 1\", \"Imagen 2\", \"Imagen 3\"]}}]',9,1),(512,'2021-10-12 16:01:33.713168','24','Brigida',2,'[{\"changed\": {\"fields\": [\"Imagen Principal\"]}}]',9,1),(513,'2021-10-12 16:01:46.026494','25','Camila',2,'[{\"changed\": {\"fields\": [\"Imagen Principal\"]}}]',9,1),(514,'2021-10-12 16:02:26.133851','84','Class',2,'[{\"changed\": {\"fields\": [\"Imagen Principal\", \"Imagen 1\", \"Imagen 2\"]}}]',9,1),(515,'2021-10-12 16:03:02.039397','2','Coccolona',2,'[{\"changed\": {\"fields\": [\"Imagen Principal\", \"Imagen 1\"]}}]',9,1),(516,'2021-10-12 16:03:35.519328','117','Cubiertas sevelit',2,'[{\"changed\": {\"fields\": [\"Imagen Principal\", \"Imagen 1\"]}}]',9,1),(517,'2021-10-12 16:08:59.958320','7','Drop',2,'[{\"changed\": {\"fields\": [\"Imagen Principal\", \"Imagen 1\"]}}]',9,1),(518,'2021-10-12 16:09:20.305898','20','Fiorellina',2,'[{\"changed\": {\"fields\": [\"Imagen Principal\"]}}]',9,1),(519,'2021-10-12 16:09:35.453374','20','Fiorellina',2,'[{\"changed\": {\"fields\": [\"Imagen 1\"]}}]',9,1),(520,'2021-10-12 16:10:04.627630','8','Flap',2,'[{\"changed\": {\"fields\": [\"Imagen Principal\", \"Imagen 1\", \"Imagen 2\"]}}]',9,1),(521,'2021-10-12 16:11:33.723445','12','Ginevra Lounge',2,'[{\"changed\": {\"fields\": [\"Imagen Principal\"]}}]',9,1),(522,'2021-10-12 16:11:57.937603','144','Gala con rodajas',2,'[{\"changed\": {\"fields\": [\"Imagen Principal\", \"Imagen 1\"]}}]',9,1),(523,'2021-10-12 16:12:08.344716','144','Gala con rodajas',2,'[{\"changed\": {\"fields\": [\"Imagen Principal\"]}}]',9,1),(524,'2021-10-12 16:12:30.871420','10','Gran Minush',2,'[{\"changed\": {\"fields\": [\"Imagen Principal\"]}}]',9,1),(525,'2021-10-12 16:13:22.674695','123','Iris',2,'[{\"changed\": {\"fields\": [\"Imagen Principal\", \"Imagen 1\", \"Imagen 2\", \"Imagen 3\"]}}]',9,1),(526,'2021-10-12 16:14:29.408559','77','Kira',2,'[{\"changed\": {\"fields\": [\"Imagen Principal\", \"Imagen 1\", \"Imagen 2\", \"Imagen 3\"]}}]',9,1),(527,'2021-10-12 16:15:12.727158','3','Lisa',2,'[{\"changed\": {\"fields\": [\"Imagen Principal\", \"Imagen 1\", \"Imagen 2\", \"Imagen 3\"]}}]',9,1),(528,'2021-10-12 16:15:27.637341','11','Maxima',2,'[{\"changed\": {\"fields\": [\"Imagen Principal\"]}}]',9,1),(529,'2021-10-12 16:15:54.030154','28','Meg',2,'[{\"changed\": {\"fields\": [\"Imagen Principal\", \"Imagen 1\", \"Imagen 2\"]}}]',9,1),(530,'2021-10-12 16:16:26.321947','15','Mesa Claro',2,'[{\"changed\": {\"fields\": [\"Imagen Principal\"]}}]',9,1),(531,'2021-10-12 16:17:10.990170','181','Mesas Compact',2,'[{\"changed\": {\"fields\": [\"Nombre\", \"Imagen Principal\", \"Imagen 1\"]}}]',9,1),(532,'2021-10-12 16:17:28.672614','52','Mesa Step',2,'[{\"changed\": {\"fields\": [\"Imagen Principal\", \"Imagen 1\"]}}]',9,1),(533,'2021-10-12 16:17:37.208736','52','Mesa Step',2,'[{\"changed\": {\"fields\": [\"Imagen Principal\"]}}]',9,1),(534,'2021-10-12 16:17:56.648210','129','Metropolis',2,'[{\"changed\": {\"fields\": [\"Imagen Principal\"]}}]',9,1),(535,'2021-10-12 16:18:14.097854','9','Minush',2,'[{\"changed\": {\"fields\": [\"Imagen Principal\"]}}]',9,1),(536,'2021-10-12 16:18:53.820690','29','Nell',2,'[{\"changed\": {\"fields\": [\"Imagen Principal\", \"Imagen 1\"]}}]',9,1),(537,'2021-10-12 16:19:46.773061','83','Nizza',2,'[{\"changed\": {\"fields\": [\"Imagen Principal\", \"Imagen 1\", \"Imagen 2\"]}}]',9,1),(538,'2021-10-12 16:20:13.734341','32','Nora',2,'[{\"changed\": {\"fields\": [\"Imagen Principal\"]}}]',9,1),(539,'2021-10-12 16:20:49.939200','4','Nuta',2,'[{\"changed\": {\"fields\": [\"Imagen Principal\", \"Imagen 1\", \"Imagen 2\"]}}]',9,1),(540,'2021-10-12 16:21:17.791329','139','Nuta con brazo',2,'[{\"changed\": {\"fields\": [\"Imagen Principal\", \"Imagen 1\", \"Imagen 2\", \"Imagen 3\"]}}]',9,1),(541,'2021-10-12 16:22:05.337868','142','Ola',2,'[{\"changed\": {\"fields\": [\"Imagen Principal\", \"Imagen 1\", \"Imagen 2\"]}}]',9,1),(542,'2021-10-12 16:23:11.178713','13','Olimpia',2,'[{\"changed\": {\"fields\": [\"Imagen Principal\", \"Imagen 1\", \"Imagen 2\", \"Imagen 3\"]}}]',9,1),(543,'2021-10-12 16:25:15.207718','44','Paris',2,'[{\"changed\": {\"fields\": [\"Imagen Principal\", \"Imagen 1\"]}}]',9,1),(544,'2021-10-12 16:26:12.100111','100','Replay 4 patas rodajas',2,'[{\"changed\": {\"fields\": [\"Imagen Principal\", \"Imagen 1\"]}}]',9,1),(545,'2021-10-12 16:26:25.676427','122','Replay banco',2,'[{\"changed\": {\"fields\": [\"Imagen Principal\"]}}]',9,1),(546,'2021-10-12 16:26:41.622304','150','Replay giratoria rodajas/tapiz',2,'[{\"changed\": {\"fields\": [\"Imagen Principal\"]}}]',9,1),(547,'2021-10-12 16:39:42.911205','135','Rubik Sofa y sillon',2,'[{\"changed\": {\"fields\": [\"Imagen Principal\", \"Imagen 1\", \"Imagen 2\"]}}]',9,1),(548,'2021-10-12 16:41:21.634564','141','Sirio',2,'[{\"changed\": {\"fields\": [\"Imagen Principal\"]}}]',9,1),(549,'2021-10-12 16:41:48.408311','30','Tula',2,'[{\"changed\": {\"fields\": [\"Imagen Principal\", \"Imagen 1\"]}}]',9,1),(550,'2021-10-12 16:42:18.577012','46','Zebra',2,'[{\"changed\": {\"fields\": [\"Nombre\", \"Imagen Principal\", \"Imagen 1\"]}}]',9,1),(551,'2021-10-12 16:42:35.048679','126','Zebra Natural',2,'[{\"changed\": {\"fields\": [\"Imagen Principal\"]}}]',9,1),(552,'2021-10-12 16:43:01.345680','127','Zebra Tapizada',2,'[{\"changed\": {\"fields\": [\"Nombre\", \"Imagen Principal\", \"Imagen 1\", \"Imagen 2\"]}}]',9,1),(553,'2021-10-12 16:43:23.518146','31','Zelig',2,'[{\"changed\": {\"fields\": [\"Imagen Principal\", \"Imagen 1\", \"Imagen 2\"]}}]',9,1),(554,'2021-10-12 17:13:45.545751','119','R1-100',2,'[{\"changed\": {\"fields\": [\"Imagen Principal\", \"Imagen 1\"]}}]',9,1),(555,'2021-10-12 17:33:57.137818','111','RE-921',2,'[{\"changed\": {\"fields\": [\"Nombre\"]}}]',9,1),(556,'2021-10-12 17:34:27.970762','118','RI-50',2,'[{\"changed\": {\"fields\": [\"Imagen Principal\", \"Imagen 1\"]}}]',9,1),(557,'2021-10-12 17:34:53.837266','91','RM-9000',2,'[{\"changed\": {\"fields\": [\"Imagen Principal\", \"Imagen 1\"]}}]',9,1),(558,'2021-10-12 17:35:18.890543','155','RM-9014',2,'[{\"changed\": {\"fields\": [\"Imagen Principal\", \"Imagen 1\"]}}]',9,1),(559,'2021-10-12 17:36:01.298119','72','RM-9026',2,'[{\"changed\": {\"fields\": [\"Imagen Principal\", \"Imagen 1\"]}}]',9,1),(560,'2021-10-12 17:37:22.583070','97','RP-4500',2,'[{\"changed\": {\"fields\": [\"Imagen Principal\"]}}]',9,1),(561,'2021-10-12 17:38:05.248934','92','RP-8000',2,'[{\"changed\": {\"fields\": [\"Imagen Principal\", \"Imagen 1\", \"Imagen 2\"]}}]',9,1),(562,'2021-10-12 17:39:31.163910','69','RS-460',2,'[{\"changed\": {\"fields\": [\"Imagen Principal\", \"Imagen 1\", \"Imagen 2\", \"Imagen 3\"]}}]',9,1),(563,'2021-10-12 17:40:54.471912','68','RS-500',2,'[{\"changed\": {\"fields\": [\"Imagen Principal\", \"Imagen 1\", \"Imagen 2\"]}}]',9,1),(564,'2021-10-12 17:41:37.037439','59','RS-680',2,'[{\"changed\": {\"fields\": [\"Imagen Principal\", \"Imagen 1\", \"Imagen 2\", \"Imagen 3\"]}}]',9,1),(565,'2021-10-12 17:42:59.406981','124','RE-1201',2,'[{\"changed\": {\"fields\": [\"Nombre\", \"Imagen Principal\", \"Imagen 1\", \"Imagen 2\", \"Imagen 3\"]}}]',9,1),(566,'2021-10-12 17:43:29.955947','34','Stella modular',2,'[{\"changed\": {\"fields\": [\"Imagen Principal\", \"Imagen 1\", \"Imagen 2\", \"Imagen 3\"]}}]',9,1),(567,'2021-10-12 17:43:47.836930','110','Zoe Kids',2,'[{\"changed\": {\"fields\": [\"Imagen Principal\", \"Imagen 1\"]}}]',9,1),(568,'2021-10-12 17:58:50.465414','85','Banco octo',2,'[{\"changed\": {\"fields\": [\"Imagen Principal\", \"Imagen 1\", \"Imagen 2\"]}}]',9,1),(569,'2021-10-14 15:11:24.620588','51','Aktiva',2,'[{\"changed\": {\"fields\": [\"Imagen Principal\", \"Imagen 1\", \"Imagen 2\", \"Imagen 3\"]}}]',9,1),(570,'2021-10-14 15:11:53.479248','41','Bobo',2,'[{\"changed\": {\"fields\": [\"Imagen Principal\", \"Imagen 1\", \"Imagen 2\"]}}]',9,1),(571,'2021-10-14 15:12:19.880744','136','Bombom',2,'[{\"changed\": {\"fields\": [\"Imagen Principal\", \"Imagen 1\", \"Imagen 2\", \"Imagen 3\"]}}]',9,1),(572,'2021-10-14 15:12:44.212370','130','Canova',2,'[{\"changed\": {\"fields\": [\"Imagen Principal\", \"Imagen 1\", \"Imagen 2\", \"Imagen 3\"]}}]',9,1),(573,'2021-10-14 15:13:28.939894','20','Fiorellina',2,'[{\"changed\": {\"fields\": [\"Imagen 2\", \"Imagen 3\"]}}]',9,1),(574,'2021-10-14 15:13:58.663761','137','Kram',2,'[{\"changed\": {\"fields\": [\"Imagen Principal\", \"Imagen 1\", \"Imagen 2\", \"Imagen 3\"]}}]',9,1),(575,'2021-10-14 15:14:10.294387','138','Mesa drop',2,'[{\"changed\": {\"fields\": [\"Imagen Principal\"]}}]',9,1),(576,'2021-10-14 15:14:50.444450','132','Next',2,'[{\"changed\": {\"fields\": [\"Imagen Principal\", \"Imagen 1\"]}}]',9,1),(577,'2021-10-14 15:16:27.399215','37','Porta venezia banco y silla',2,'[{\"changed\": {\"fields\": [\"Imagen Principal\", \"Imagen 1\", \"Imagen 2\", \"Imagen 3\"]}}]',9,1),(578,'2021-10-14 15:16:40.181121','38','Porta venezia lounge',2,'[{\"changed\": {\"fields\": [\"Imagen Principal\", \"Imagen 1\"]}}]',9,1),(579,'2021-10-14 15:17:03.568161','39','Pure loop',2,'[{\"changed\": {\"fields\": [\"Imagen Principal\", \"Imagen 1\"]}}]',9,1),(580,'2021-10-14 15:17:19.440530','39','Pure loop',2,'[{\"changed\": {\"fields\": [\"Imagen 2\", \"Imagen 3\"]}}]',9,1),(581,'2021-10-14 15:17:44.493465','114','Pure Loop Lounge',2,'[{\"changed\": {\"fields\": [\"Imagen Principal\", \"Imagen 1\"]}}]',9,1),(582,'2021-10-14 15:18:17.887804','47','Sicla rodaja',2,'[{\"changed\": {\"fields\": [\"Imagen Principal\", \"Imagen 1\", \"Imagen 2\", \"Imagen 3\"]}}]',9,1),(583,'2021-10-14 15:18:41.502460','131','Tondina',2,'[{\"changed\": {\"fields\": [\"Imagen Principal\", \"Imagen 1\", \"Imagen 2\", \"Imagen 3\"]}}]',9,1),(584,'2021-10-15 03:27:52.995145','14','Fuller',2,'[{\"changed\": {\"fields\": [\"Imagen Principal\"]}}]',9,1),(585,'2021-10-15 03:28:22.366509','27','Kira & Divano',2,'[{\"changed\": {\"fields\": [\"Imagen Principal\"]}}]',9,1),(586,'2021-10-15 03:28:58.044934','50','Lady B',2,'[{\"changed\": {\"fields\": [\"Imagen Principal\", \"Imagen 1\"]}}]',9,1),(587,'2021-10-15 03:29:14.567783','133','Lady B tapizada trineo',2,'[{\"changed\": {\"fields\": [\"Imagen Principal\", \"Imagen 1\"]}}]',9,1),(588,'2021-10-15 03:29:32.346797','148','Nell rodajas',2,'[{\"changed\": {\"fields\": [\"Imagen Principal\"]}}]',9,1),(589,'2021-10-15 03:30:05.752072','17','Bases y cubiertas compact',2,'[{\"changed\": {\"fields\": [\"Imagen Principal\", \"Imagen 1\"]}}]',9,1),(590,'2021-10-15 03:38:13.257351','111','RE-921',2,'[{\"changed\": {\"fields\": [\"Imagen Principal\", \"Imagen 1\"]}}]',9,1),(591,'2021-10-15 03:42:33.098887','33','Rubik',2,'[{\"changed\": {\"fields\": [\"Imagen Principal\"]}}]',9,1),(592,'2021-10-15 03:43:48.073149','135','Rubik Sofa y sillon',2,'[{\"changed\": {\"fields\": [\"Imagen Principal\", \"Imagen 1\", \"Imagen 2\"]}}]',9,1),(593,'2021-10-15 03:43:56.322739','135','Rubik Sofa y sillon',2,'[{\"changed\": {\"fields\": [\"Imagen Principal\"]}}]',9,1),(594,'2021-10-15 03:47:03.353628','60','RS-1101',2,'[{\"changed\": {\"fields\": [\"Imagen Principal\"]}}]',9,1),(595,'2021-10-15 03:47:57.442236','61','RS-1200',2,'[{\"changed\": {\"fields\": [\"Imagen Principal\", \"Imagen 1\"]}}]',9,1),(596,'2021-10-15 03:49:35.748635','69','RS-460',2,'[{\"changed\": {\"fields\": [\"Imagen Principal\", \"Imagen 1\", \"Imagen 2\", \"Imagen 3\"]}}]',9,1),(597,'2021-10-15 03:50:20.512596','69','RS-460',2,'[{\"changed\": {\"fields\": [\"Imagen Principal\", \"Imagen 1\"]}}]',9,1),(598,'2021-10-15 03:50:43.022481','121','RS-460-45',2,'[{\"changed\": {\"fields\": [\"Imagen Principal\", \"Imagen 1\"]}}]',9,1),(599,'2021-10-15 03:52:41.472110','70','RS-490',2,'[{\"changed\": {\"fields\": [\"Imagen Principal\", \"Imagen 1\", \"Imagen 2\"]}}]',9,1),(600,'2021-10-15 03:57:02.083921','149','Areta giratoria',2,'[{\"changed\": {\"fields\": [\"Nombre\", \"Imagen Principal\", \"Imagen 1\", \"Imagen 2\"]}}]',9,1),(601,'2021-10-15 03:58:36.789788','151','RS-1500',2,'[{\"changed\": {\"fields\": [\"Nombre\", \"Imagen Principal\", \"Imagen 1\"]}}]',9,1),(602,'2021-10-15 04:00:31.634616','100','Replay Rodajas',2,'[{\"changed\": {\"fields\": [\"Nombre\"]}}]',9,1),(603,'2021-10-15 04:00:50.635667','150','Replay Giratoria',2,'[{\"changed\": {\"fields\": [\"Nombre\"]}}]',9,1),(604,'2021-10-15 04:01:00.299728','122','Replay Banco',2,'[{\"changed\": {\"fields\": [\"Nombre\"]}}]',9,1),(605,'2021-10-15 04:01:52.875971','154','RM-9016',2,'[{\"changed\": {\"fields\": [\"Imagen Principal\"]}}]',9,1),(606,'2021-10-15 04:03:53.440110','37','Porta venezia banco',2,'[{\"changed\": {\"fields\": [\"Nombre\"]}}]',9,1),(607,'2021-10-15 04:06:23.205677','43','Silla Areta',2,'[{\"changed\": {\"fields\": [\"Imagen Principal\"]}}]',9,1),(608,'2021-10-15 04:08:04.195969','42','Silla Replay',2,'[{\"changed\": {\"fields\": [\"Imagen Principal\"]}}]',9,1),(609,'2021-10-15 04:10:38.504109','45','Zebra tapiz',2,'[{\"changed\": {\"fields\": [\"Imagen Principal\", \"Imagen 1\", \"Imagen 2\"]}}]',9,1),(610,'2021-10-15 15:10:02.464855','29','Barras de Cocina',3,'',10,1),(611,'2021-10-15 15:17:25.643414','183','Selección de bancos',3,'',9,1),(612,'2021-10-15 15:17:25.671506','185','Todos los bancos',3,'',9,1),(613,'2021-10-15 15:17:49.993375','175','Bases',3,'',9,1),(614,'2021-10-15 15:18:08.903672','134','Nell pata madera',3,'',9,1),(615,'2021-10-15 15:18:24.904721','176','Cubiertas',3,'',9,1),(616,'2021-10-15 15:18:48.085408','140','Set Olimpia',3,'',9,1),(617,'2021-10-15 15:21:44.446067','17','Bases y cubiertas compact',2,'[{\"changed\": {\"fields\": [\"Imagen Principal\", \"Imagen 1\"]}}]',9,1),(618,'2021-10-15 15:21:59.473126','17','Bases y cubiertas compact',2,'[{\"changed\": {\"fields\": [\"Imagen Principal\", \"Imagen 1\"]}}]',9,1),(619,'2021-10-15 15:35:50.917214','116','Silla Areta / tapiz',2,'[{\"changed\": {\"fields\": [\"Imagen Principal\"]}}]',9,1),(620,'2021-10-15 15:38:14.352788','18','Conga',3,'',9,1),(621,'2021-10-15 15:39:29.828266','47','Sicla rodaja',3,'',9,1),(622,'2021-10-15 15:41:31.866819','125','RS-500-45',2,'[{\"changed\": {\"fields\": [\"Nombre\"]}}]',9,1),(623,'2021-10-15 15:41:50.640219','153','RS-680-45GR',2,'[{\"changed\": {\"fields\": [\"Nombre\"]}}]',9,1),(624,'2021-10-15 15:44:31.742969','93','RE-7050',2,'[{\"changed\": {\"fields\": [\"Imagen Principal\", \"Imagen 1\"]}}]',9,1),(625,'2021-10-15 16:03:08.550472','5','Comercial',2,'[{\"changed\": {\"fields\": [\"Banner\"]}}]',7,1),(626,'2021-10-15 16:03:18.956666','2','Educación',2,'[{\"changed\": {\"fields\": [\"Banner\"]}}]',7,1),(627,'2021-10-15 16:03:33.854401','3','Healt Care',2,'[{\"changed\": {\"fields\": [\"Banner\"]}}]',7,1),(628,'2021-10-15 16:03:45.177288','7','Home Office',2,'[{\"changed\": {\"fields\": [\"Banner\"]}}]',7,1),(629,'2021-10-15 16:03:52.800021','1','Hotelería',2,'[{\"changed\": {\"fields\": [\"Banner\"]}}]',7,1),(630,'2021-10-15 16:04:04.340885','4','Industrial',2,'[{\"changed\": {\"fields\": [\"Banner\"]}}]',7,1),(631,'2021-10-15 16:04:20.755821','8','Oficina',2,'[{\"changed\": {\"fields\": [\"Banner\"]}}]',7,1),(632,'2021-10-15 16:04:51.799783','9','Productos Especiales',2,'[{\"changed\": {\"fields\": [\"Banner\"]}}]',7,1),(633,'2021-10-15 16:05:01.285236','6','Residencial',2,'[{\"changed\": {\"fields\": [\"Banner\"]}}]',7,1),(634,'2021-10-15 16:14:20.118417','66','Cynara',2,'[{\"changed\": {\"fields\": [\"Imagen Principal\", \"Imagen 1\", \"Imagen 2\", \"Imagen 3\"]}}]',9,1),(635,'2021-10-15 18:48:32.920693','43','Silla Areta',2,'[{\"changed\": {\"fields\": [\"Categoria\"]}}]',9,1),(636,'2021-10-16 18:30:35.642936','5','Abuela',2,'[{\"changed\": {\"fields\": [\"Categoria\"]}}]',9,1),(637,'2021-10-16 18:30:44.989694','16','Arket',2,'[{\"changed\": {\"fields\": [\"Categoria\"]}}]',9,1),(638,'2021-10-16 18:30:59.602648','6','Bakhita',2,'[{\"changed\": {\"fields\": [\"Categoria\"]}}]',9,1),(639,'2021-10-16 18:31:16.586816','3','Lisa',2,'[{\"changed\": {\"fields\": [\"Categoria\"]}}]',9,1),(640,'2021-10-16 18:31:58.304967','4','Nuta',2,'[{\"changed\": {\"fields\": [\"Categoria\"]}}]',9,1),(641,'2021-10-18 02:24:47.720437','186','RE-1360',2,'[{\"changed\": {\"fields\": [\"Imagen Principal\", \"Imagen 1\", \"Imagen 2\", \"Imagen 3\"]}}]',9,1),(642,'2021-10-18 02:25:38.795468','156','RE-3031',2,'[{\"changed\": {\"fields\": [\"Imagen Principal\", \"Imagen 1\", \"Imagen 2\", \"Imagen 3\"]}}]',9,1),(643,'2021-10-18 02:26:14.073895','35','Esencia',2,'[{\"changed\": {\"fields\": [\"Imagen Principal\", \"Imagen 1\", \"Imagen 2\", \"Imagen 3\"]}}]',9,1),(644,'2021-10-18 02:26:45.285460','78','Mesa landing',2,'[{\"changed\": {\"fields\": [\"Imagen Principal\", \"Imagen 1\"]}}]',9,1),(645,'2021-10-18 14:00:21.254109','153','RS-680-45GR',2,'[{\"changed\": {\"fields\": [\"Imagen Principal\"]}}]',9,1),(646,'2021-10-18 14:11:56.646037','17','Bases compact',2,'[{\"changed\": {\"fields\": [\"Nombre\"]}}]',9,1),(647,'2021-10-18 14:15:16.710595','40','Interface',2,'[{\"changed\": {\"fields\": [\"Imagen Principal\", \"Imagen 1\", \"Imagen 2\"]}}]',9,1),(648,'2021-10-18 22:52:07.160108','170','Muffle B01',2,'[{\"changed\": {\"fields\": [\"Categoria\", \"Subcategoria\", \"Descripcion\", \"Caracteristicas\", \"Medidas\", \"Materiales\", \"Colores\", \"Certificaciones\"]}}]',9,1),(649,'2021-10-18 22:53:21.079159','167','Muffle B02',2,'[{\"changed\": {\"fields\": [\"Categoria\", \"Subcategoria\", \"Descripcion\", \"Caracteristicas\", \"Medidas\", \"Materiales\", \"Colores\", \"Certificaciones\"]}}]',9,1),(650,'2021-10-18 22:54:57.574981','184','Sofía Set',2,'[{\"changed\": {\"fields\": [\"Categoria\", \"Subcategoria\", \"Descripcion\", \"Caracteristicas\", \"Medidas\", \"Materiales\", \"Colores\"]}}]',9,1),(651,'2021-10-18 22:56:37.211313','179','Nemo lateral',2,'[{\"changed\": {\"fields\": [\"Categoria\", \"Subcategoria\", \"Descripcion\", \"Caracteristicas\", \"Medidas\", \"Materiales\", \"Colores\"]}}]',9,1),(652,'2021-10-18 23:00:10.092514','120','RS-490-45',2,'[{\"changed\": {\"fields\": [\"Imagen Principal\", \"Imagen 1\"]}}]',9,1),(653,'2021-10-18 23:00:33.493024','125','RS-500-45',2,'[{\"changed\": {\"fields\": [\"Imagen Principal\", \"Imagen 1\", \"Imagen 2\"]}}]',9,1),(654,'2021-10-18 23:01:01.472725','36','RE-810',2,'[{\"changed\": {\"fields\": [\"Imagen Principal\", \"Imagen 1\", \"Imagen 2\"]}}]',9,1),(655,'2021-10-18 23:01:24.412700','115','Silla Replay / tapiz',2,'[{\"changed\": {\"fields\": [\"Imagen Principal\", \"Imagen 1\", \"Imagen 2\"]}}]',9,1),(656,'2021-10-18 23:01:59.866875','156','RE-3031',2,'[{\"changed\": {\"fields\": [\"Imagen Principal\", \"Imagen 1\", \"Imagen 2\", \"Imagen 3\"]}}]',9,1),(657,'2021-10-18 23:02:09.123779','156','RE-3031',2,'[{\"changed\": {\"fields\": [\"Imagen Principal\"]}}]',9,1),(658,'2021-10-18 23:05:21.705649','178','Mesa lateral Arket',3,'',9,1),(659,'2021-10-19 17:57:43.639782','5','Comercial',2,'[{\"changed\": {\"fields\": [\"Banner\"]}}]',7,1),(660,'2021-10-19 17:57:52.439935','2','Educación',2,'[{\"changed\": {\"fields\": [\"Banner\"]}}]',7,1),(661,'2021-10-19 17:58:01.468222','3','Healt Care',2,'[{\"changed\": {\"fields\": [\"Banner\"]}}]',7,1),(662,'2021-10-19 17:58:09.690234','7','Home Office',2,'[{\"changed\": {\"fields\": [\"Banner\"]}}]',7,1),(663,'2021-10-19 17:58:18.292295','1','Hotelería',2,'[{\"changed\": {\"fields\": [\"Banner\"]}}]',7,1),(664,'2021-10-19 17:58:26.742459','4','Industrial',2,'[{\"changed\": {\"fields\": [\"Banner\"]}}]',7,1),(665,'2021-10-19 17:58:35.036096','8','Oficina',2,'[{\"changed\": {\"fields\": [\"Banner\"]}}]',7,1),(666,'2021-10-19 17:58:43.908908','9','Productos Especiales',2,'[{\"changed\": {\"fields\": [\"Banner\"]}}]',7,1),(667,'2021-10-19 17:58:52.388989','6','Residencial',2,'[{\"changed\": {\"fields\": [\"Banner\"]}}]',7,1),(668,'2021-10-19 18:06:33.788240','5','Comercial',2,'[{\"changed\": {\"fields\": [\"Image\"]}}]',7,1),(669,'2021-10-19 18:06:45.629386','2','Educación',2,'[{\"changed\": {\"fields\": [\"Image\"]}}]',7,1),(670,'2021-10-19 18:06:54.789108','3','Healt Care',2,'[{\"changed\": {\"fields\": [\"Image\"]}}]',7,1),(671,'2021-10-19 18:07:03.348971','7','Home Office',2,'[{\"changed\": {\"fields\": [\"Image\"]}}]',7,1),(672,'2021-10-19 18:07:13.140070','8','Oficina',2,'[{\"changed\": {\"fields\": [\"Image\"]}}]',7,1),(673,'2021-10-19 18:07:53.794737','1','Hotelería',2,'[{\"changed\": {\"fields\": [\"Image\"]}}]',7,1),(674,'2021-10-19 18:08:06.609213','4','Industrial',2,'[{\"changed\": {\"fields\": [\"Image\"]}}]',7,1),(675,'2021-10-19 18:08:18.474203','9','Productos Especiales',2,'[{\"changed\": {\"fields\": [\"Image\"]}}]',7,1),(676,'2021-10-19 18:08:27.410997','6','Residencial',2,'[{\"changed\": {\"fields\": [\"Image\"]}}]',7,1),(677,'2021-10-19 18:29:19.222623','26','Gala',2,'[{\"changed\": {\"fields\": [\"Imagen Principal\"]}}]',9,1),(678,'2021-10-19 18:29:33.161662','54','X10',2,'[{\"changed\": {\"fields\": [\"Imagen Principal\", \"Imagen 1\", \"Imagen 2\"]}}]',9,1),(679,'2021-10-20 18:31:34.351987','40','Interface',2,'[{\"changed\": {\"fields\": [\"Categoria\", \"Subcategoria\"]}}]',9,1),(680,'2021-10-20 18:32:42.076679','181','Base Compact',2,'[{\"changed\": {\"fields\": [\"Nombre\"]}}]',9,1),(681,'2021-10-20 18:34:57.579658','181','Cubierta Compact',2,'[{\"changed\": {\"fields\": [\"Nombre\"]}}]',9,1),(682,'2021-10-21 14:46:13.118820','146','Annette rodajas',2,'[{\"changed\": {\"fields\": [\"Nombre\"]}}]',9,1),(683,'2021-10-21 14:46:23.967481','145','Breck rodajas',2,'[{\"changed\": {\"fields\": [\"Nombre\"]}}]',9,1),(684,'2021-10-21 14:46:33.111881','144','Gala rodajas',2,'[{\"changed\": {\"fields\": [\"Nombre\"]}}]',9,1),(685,'2021-10-21 14:47:16.002716','152','RE-1100',2,'[{\"changed\": {\"fields\": [\"Nombre\"]}}]',9,1),(686,'2021-10-21 14:47:42.532447','64','Lives work',2,'[{\"changed\": {\"fields\": [\"Nombre\"]}}]',9,1),(687,'2021-10-21 14:47:51.625518','150','Replay giratoria',2,'[{\"changed\": {\"fields\": [\"Nombre\"]}}]',9,1),(688,'2021-10-21 14:48:02.722850','100','Replay rodajas',2,'[{\"changed\": {\"fields\": [\"Nombre\"]}}]',9,1),(689,'2021-10-21 14:48:57.544829','11','Máxima',2,'[{\"changed\": {\"fields\": [\"Nombre\"]}}]',9,1),(690,'2021-10-21 14:49:20.851475','44','París',2,'[{\"changed\": {\"fields\": [\"Nombre\"]}}]',9,1),(691,'2021-10-21 14:51:11.151747','170','Muffle B01',2,'[{\"changed\": {\"fields\": [\"Imagen Principal\", \"Imagen 1\"]}}]',9,1),(692,'2021-10-21 14:52:05.286029','184','Sofía set',2,'[{\"changed\": {\"fields\": [\"Nombre\", \"Imagen Principal\", \"Imagen 1\"]}}]',9,1),(693,'2021-10-21 21:42:41.149889','54','X10',2,'[{\"changed\": {\"fields\": [\"Imagen Principal\"]}}]',9,1),(694,'2021-10-21 21:44:24.174775','3','BIFMA',2,'[{\"changed\": {\"fields\": [\"Image\"]}}]',8,1),(695,'2021-10-21 21:44:31.828831','2','CATAS',2,'[{\"changed\": {\"fields\": [\"Image\"]}}]',8,1),(696,'2021-10-21 21:44:39.366180','4','COSMOB',2,'[{\"changed\": {\"fields\": [\"Image\"]}}]',8,1),(697,'2021-10-21 21:44:48.840998','6','Environmental Product Declaration (EPD)',2,'[{\"changed\": {\"fields\": [\"Image\"]}}]',8,1),(698,'2021-10-21 21:44:58.713337','5','GREENGUARD',2,'[{\"changed\": {\"fields\": [\"Image\"]}}]',8,1),(699,'2021-10-21 21:46:07.979995','2','Educación',2,'[{\"changed\": {\"fields\": [\"Banner\"]}}]',7,1);
/*!40000 ALTER TABLE `django_admin_log` ENABLE KEYS */;
UNLOCK TABLES;

--
-- Table structure for table `django_content_type`
--

DROP TABLE IF EXISTS `django_content_type`;
/*!40101 SET @saved_cs_client     = @@character_set_client */;
/*!50503 SET character_set_client = utf8mb4 */;
CREATE TABLE `django_content_type` (
  `id` int NOT NULL AUTO_INCREMENT,
  `app_label` varchar(100) NOT NULL,
  `model` varchar(100) NOT NULL,
  PRIMARY KEY (`id`),
  UNIQUE KEY `django_content_type_app_label_model_76bd3d3b_uniq` (`app_label`,`model`)
) ENGINE=InnoDB AUTO_INCREMENT=12 DEFAULT CHARSET=utf8mb4 COLLATE=utf8mb4_0900_ai_ci;
/*!40101 SET character_set_client = @saved_cs_client */;

--
-- Dumping data for table `django_content_type`
--

LOCK TABLES `django_content_type` WRITE;
/*!40000 ALTER TABLE `django_content_type` DISABLE KEYS */;
INSERT INTO `django_content_type` VALUES (1,'admin','logentry'),(3,'auth','group'),(2,'auth','permission'),(4,'auth','user'),(5,'contenttypes','contenttype'),(7,'products','category'),(8,'products','certification'),(9,'products','product'),(11,'products','productimage'),(10,'products','subcategory'),(6,'sessions','session');
/*!40000 ALTER TABLE `django_content_type` ENABLE KEYS */;
UNLOCK TABLES;

--
-- Table structure for table `django_migrations`
--

DROP TABLE IF EXISTS `django_migrations`;
/*!40101 SET @saved_cs_client     = @@character_set_client */;
/*!50503 SET character_set_client = utf8mb4 */;
CREATE TABLE `django_migrations` (
  `id` bigint NOT NULL AUTO_INCREMENT,
  `app` varchar(255) NOT NULL,
  `name` varchar(255) NOT NULL,
  `applied` datetime(6) NOT NULL,
  PRIMARY KEY (`id`)
) ENGINE=InnoDB AUTO_INCREMENT=27 DEFAULT CHARSET=utf8mb4 COLLATE=utf8mb4_0900_ai_ci;
/*!40101 SET character_set_client = @saved_cs_client */;

--
-- Dumping data for table `django_migrations`
--

LOCK TABLES `django_migrations` WRITE;
/*!40000 ALTER TABLE `django_migrations` DISABLE KEYS */;
INSERT INTO `django_migrations` VALUES (1,'contenttypes','0001_initial','2021-09-18 18:54:20.245607'),(2,'auth','0001_initial','2021-09-18 18:54:25.765630'),(3,'admin','0001_initial','2021-09-18 18:54:27.128900'),(4,'admin','0002_logentry_remove_auto_add','2021-09-18 18:54:27.242929'),(5,'admin','0003_logentry_add_action_flag_choices','2021-09-18 18:54:27.313846'),(6,'contenttypes','0002_remove_content_type_name','2021-09-18 18:54:28.118875'),(7,'auth','0002_alter_permission_name_max_length','2021-09-18 18:54:28.633591'),(8,'auth','0003_alter_user_email_max_length','2021-09-18 18:54:28.770060'),(9,'auth','0004_alter_user_username_opts','2021-09-18 18:54:28.822988'),(10,'auth','0005_alter_user_last_login_null','2021-09-18 18:54:29.273461'),(11,'auth','0006_require_contenttypes_0002','2021-09-18 18:54:29.314505'),(12,'auth','0007_alter_validators_add_error_messages','2021-09-18 18:54:29.359932'),(13,'auth','0008_alter_user_username_max_length','2021-09-18 18:54:29.873370'),(14,'auth','0009_alter_user_last_name_max_length','2021-09-18 18:54:30.462880'),(15,'auth','0010_alter_group_name_max_length','2021-09-18 18:54:30.656293'),(16,'auth','0011_update_proxy_permissions','2021-09-18 18:54:30.714353'),(17,'auth','0012_alter_user_first_name_max_length','2021-09-18 18:54:31.271854'),(18,'products','0001_initial','2021-09-18 18:54:36.345290'),(19,'products','0002_auto_20210918_1854','2021-09-18 18:54:37.466086'),(20,'sessions','0001_initial','2021-09-18 18:54:37.901413'),(21,'products','0003_auto_20210920_1651','2021-09-20 16:51:47.871430'),(22,'products','0004_auto_20210921_0136','2021-09-21 01:37:01.232306'),(23,'products','0005_auto_20210922_1741','2021-09-22 17:41:14.742016'),(24,'products','0005_auto_20210922_1745','2021-09-22 17:45:45.403742'),(25,'products','0002_auto_20211012_2127','2021-10-12 21:27:23.961763'),(26,'products','0003_category_banner','2021-10-15 15:58:51.615475');
/*!40000 ALTER TABLE `django_migrations` ENABLE KEYS */;
UNLOCK TABLES;

--
-- Table structure for table `django_session`
--

DROP TABLE IF EXISTS `django_session`;
/*!40101 SET @saved_cs_client     = @@character_set_client */;
/*!50503 SET character_set_client = utf8mb4 */;
CREATE TABLE `django_session` (
  `session_key` varchar(40) NOT NULL,
  `session_data` longtext NOT NULL,
  `expire_date` datetime(6) NOT NULL,
  PRIMARY KEY (`session_key`),
  KEY `django_session_expire_date_a5c62663` (`expire_date`)
) ENGINE=InnoDB DEFAULT CHARSET=utf8mb4 COLLATE=utf8mb4_0900_ai_ci;
/*!40101 SET character_set_client = @saved_cs_client */;

--
-- Dumping data for table `django_session`
--

LOCK TABLES `django_session` WRITE;
/*!40000 ALTER TABLE `django_session` DISABLE KEYS */;
INSERT INTO `django_session` VALUES ('b4w99o3pz5u41o3xl98a89el28lgfjgg','.eJxVjMEOgkAMRP9lz2ZD6dKtHr3zDaS7rYIaSFg4Gf9dSDjoHOe9mbfrZF36bi02d4O6iwN3-u2S5KeNO9CHjPfJ52lc5iH5XfEHLb6d1F7Xw_076KX021qs4dggIp_RQqhBKwWjm-WIlSIRIUJgSZTVYEuqCZkYNApUzO7zBb7eNqs:1maIYz:QZnmSlqzB0pn9SRq5jSkF5hjCVYOZHkcTJk5UPGcjWU','2021-10-26 14:15:29.912047'),('c0n3nqbapp3mlsvqvqef7fnbmkazq9cd','.eJxVjMEOgkAMRP9lz2ZD6dKtHr3zDaS7rYIaSFg4Gf9dSDjoHOe9mbfrZF36bi02d4O6iwN3-u2S5KeNO9CHjPfJ52lc5iH5XfEHLb6d1F7Xw_076KX021qs4dggIp_RQqhBKwWjm-WIlSIRIUJgSZTVYEuqCZkYNApUzO7zBb7eNqs:1mT9D8:DS0-afxz77nWhD1MB2osTwYbGCWBuntNNPrhB_XFaHY','2021-10-06 20:51:22.018218'),('gkcnm0vtpt44k0dws4k9jdm7zkluhmgv','.eJxVjMEOgkAMRP9lz2ZD6dKtHr3zDaS7rYIaSFg4Gf9dSDjoHOe9mbfrZF36bi02d4O6iwN3-u2S5KeNO9CHjPfJ52lc5iH5XfEHLb6d1F7Xw_076KX021qs4dggIp_RQqhBKwWjm-WIlSIRIUJgSZTVYEuqCZkYNApUzO7zBb7eNqs:1mSOhM:wfM4gGjF40ct0ujL5UQrtaSaic-rQi7E1OjnQ2v0mm8','2021-10-04 19:11:28.310592'),('j8woqyfgecbms5rdzabrzinngo4iyee4','.eJxVjMEOgkAMRP9lz2ZD6dKtHr3zDaS7rYIaSFg4Gf9dSDjoHOe9mbfrZF36bi02d4O6iwN3-u2S5KeNO9CHjPfJ52lc5iH5XfEHLb6d1F7Xw_076KX021qs4dggIp_RQqhBKwWjm-WIlSIRIUJgSZTVYEuqCZkYNApUzO7zBb7eNqs:1mRfUw:oKiQvm7OhQ7mPuxBDrMPvJsz0oEiU2w9Ta3pAZA6Lgc','2021-10-02 18:55:38.200865'),('jd1vb85gc5nl4b2o1d9yi7p1et310iwm','.eJxVjMEOgkAMRP9lz2ZD6dKtHr3zDaS7rYIaSFg4Gf9dSDjoHOe9mbfrZF36bi02d4O6iwN3-u2S5KeNO9CHjPfJ52lc5iH5XfEHLb6d1F7Xw_076KX021qs4dggIp_RQqhBKwWjm-WIlSIRIUJgSZTVYEuqCZkYNApUzO7zBb7eNqs:1mYZQJ:WVzJGh1Cii495D4OOxLHDGTzbgCxTTsrvBy1IRPPv10','2021-10-21 19:51:23.719359'),('qtqgy6mdjlzshujayef0tt6p5nc6n5h1','.eJxVjMEOgkAMRP9lz2ZD6dKtHr3zDaS7rYIaSFg4Gf9dSDjoHOe9mbfrZF36bi02d4O6iwN3-u2S5KeNO9CHjPfJ52lc5iH5XfEHLb6d1F7Xw_076KX021qs4dggIp_RQqhBKwWjm-WIlSIRIUJgSZTVYEuqCZkYNApUzO7zBb7eNqs:1mTA1B:YTsXkpmDB8S4kQBOTEBrO50r6oXI704BZ7hHcPXJy28','2021-10-06 21:43:05.527154'),('twckjl290fa4mjk5gq759wyxyi7dhtnp','.eJxVjMEOgkAMRP9lz2ZD6dKtHr3zDaS7rYIaSFg4Gf9dSDjoHOe9mbfrZF36bi02d4O6iwN3-u2S5KeNO9CHjPfJ52lc5iH5XfEHLb6d1F7Xw_076KX021qs4dggIp_RQqhBKwWjm-WIlSIRIUJgSZTVYEuqCZkYNApUzO7zBb7eNqs:1mcT9U:dwhOXecGmVsM24U2XXR6zZIGKMW8w5pTY2qYBZ0-zC4','2021-11-01 13:58:08.880788'),('uyxyfe0e54k68qqp0ibod5eumjhwppvk','.eJxVjMEOgkAMRP9lz2ZD6dKtHr3zDaS7rYIaSFg4Gf9dSDjoHOe9mbfrZF36bi02d4O6iwN3-u2S5KeNO9CHjPfJ52lc5iH5XfEHLb6d1F7Xw_076KX021qs4dggIp_RQqhBKwWjm-WIlSIRIUJgSZTVYEuqCZkYNApUzO7zBb7eNqs:1mTQVK:WgVk-CLK2PoXZe4xPN633U5Z5BW1M09yGadnfgnIjcI','2021-10-07 15:19:18.744957');
/*!40000 ALTER TABLE `django_session` ENABLE KEYS */;
UNLOCK TABLES;

--
-- Table structure for table `products_category`
--

DROP TABLE IF EXISTS `products_category`;
/*!40101 SET @saved_cs_client     = @@character_set_client */;
/*!50503 SET character_set_client = utf8mb4 */;
CREATE TABLE `products_category` (
  `id` bigint NOT NULL AUTO_INCREMENT,
  `name` varchar(150) NOT NULL,
  `image` varchar(100) NOT NULL,
  `created` datetime(6) NOT NULL,
  `updated` date NOT NULL,
  `subcategory_id` bigint DEFAULT NULL,
  `banner` varchar(100) DEFAULT NULL,
  PRIMARY KEY (`id`),
  KEY `products_category_subcategory_id_5986d5be_fk_products_` (`subcategory_id`),
  CONSTRAINT `products_category_subcategory_id_5986d5be_fk_products_` FOREIGN KEY (`subcategory_id`) REFERENCES `products_subcategory` (`id`)
) ENGINE=InnoDB AUTO_INCREMENT=10 DEFAULT CHARSET=utf8mb4 COLLATE=utf8mb4_0900_ai_ci;
/*!40101 SET character_set_client = @saved_cs_client */;

--
-- Dumping data for table `products_category`
--

LOCK TABLES `products_category` WRITE;
/*!40000 ALTER TABLE `products_category` DISABLE KEYS */;
INSERT INTO `products_category` VALUES (1,'Hotelería','categories/Hotelería.webp','2021-09-18 18:57:08.412918','2021-10-19',NULL,'banners/Banner_Hotelería.webp'),(2,'Educación','categories/Education.webp','2021-09-18 18:57:20.292448','2021-10-21',NULL,'banners/Banner_Educación.webp'),(3,'Healt Care','categories/health-care.webp','2021-09-18 18:57:32.292694','2021-10-19',NULL,'banners/Banner_health-care.webp'),(4,'Industrial','categories/Industrial.webp','2021-09-18 18:57:46.681219','2021-10-19',NULL,'banners/Banner_industrial.webp'),(5,'Comercial','categories/comercial.webp','2021-09-18 18:58:17.106356','2021-10-19',NULL,'banners/Banner_comercial.webp'),(6,'Residencial','categories/Residencial.webp','2021-09-18 18:58:29.676586','2021-10-19',NULL,'banners/Banner_residencial.webp'),(7,'Home Office','categories/Homeoffice.webp','2021-09-18 18:58:39.850381','2021-10-19',NULL,'banners/Banner_home-office.webp'),(8,'Oficina','categories/Corporativo.webp','2021-09-18 18:58:48.027231','2021-10-19',NULL,'banners/Banner_Corporativo.webp'),(9,'Productos Especiales','categories/Productos-especiales.webp','2021-10-08 17:26:08.378317','2021-10-19',NULL,'banners/Banner_productos-especiales.webp');
/*!40000 ALTER TABLE `products_category` ENABLE KEYS */;
UNLOCK TABLES;

--
-- Table structure for table `products_category_subcategory`
--

DROP TABLE IF EXISTS `products_category_subcategory`;
/*!40101 SET @saved_cs_client     = @@character_set_client */;
/*!50503 SET character_set_client = utf8mb4 */;
CREATE TABLE `products_category_subcategory` (
  `id` bigint NOT NULL AUTO_INCREMENT,
  `category_id` bigint NOT NULL,
  `subcategory_id` bigint NOT NULL,
  PRIMARY KEY (`id`)
) ENGINE=InnoDB AUTO_INCREMENT=74 DEFAULT CHARSET=utf8mb4 COLLATE=utf8mb4_0900_ai_ci;
/*!40101 SET character_set_client = @saved_cs_client */;

--
-- Dumping data for table `products_category_subcategory`
--

LOCK TABLES `products_category_subcategory` WRITE;
/*!40000 ALTER TABLE `products_category_subcategory` DISABLE KEYS */;
INSERT INTO `products_category_subcategory` VALUES (44,1,1),(45,1,2),(46,1,3),(47,1,4),(48,8,5),(49,8,6),(50,8,7),(51,8,8),(52,8,9),(53,8,10),(54,8,11),(55,2,12),(56,2,13),(57,2,14),(58,3,15),(59,3,16),(60,3,17),(61,3,18),(62,3,19),(63,3,20),(64,5,24),(65,5,21),(66,5,22),(67,5,23),(68,4,25),(69,4,26),(70,6,27),(71,6,28),(73,6,30);
/*!40000 ALTER TABLE `products_category_subcategory` ENABLE KEYS */;
UNLOCK TABLES;

--
-- Table structure for table `products_certification`
--

DROP TABLE IF EXISTS `products_certification`;
/*!40101 SET @saved_cs_client     = @@character_set_client */;
/*!50503 SET character_set_client = utf8mb4 */;
CREATE TABLE `products_certification` (
  `id` bigint NOT NULL AUTO_INCREMENT,
  `name` varchar(150) NOT NULL,
  `image` varchar(100) DEFAULT NULL,
  PRIMARY KEY (`id`)
) ENGINE=InnoDB AUTO_INCREMENT=7 DEFAULT CHARSET=utf8mb4 COLLATE=utf8mb4_0900_ai_ci;
/*!40101 SET character_set_client = @saved_cs_client */;

--
-- Dumping data for table `products_certification`
--

LOCK TABLES `products_certification` WRITE;
/*!40000 ALTER TABLE `products_certification` DISABLE KEYS */;
INSERT INTO `products_certification` VALUES (1,'SCOOB',''),(2,'CATAS','certifications/Catas.webp'),(3,'BIFMA','certifications/bifma.webp'),(4,'COSMOB','certifications/cosmob.webp'),(5,'GREENGUARD','certifications/greenguard_logo.webp'),(6,'Environmental Product Declaration (EPD)','certifications/logo_epd.webp');
/*!40000 ALTER TABLE `products_certification` ENABLE KEYS */;
UNLOCK TABLES;

--
-- Table structure for table `products_product`
--

DROP TABLE IF EXISTS `products_product`;
/*!40101 SET @saved_cs_client     = @@character_set_client */;
/*!50503 SET character_set_client = utf8mb4 */;
CREATE TABLE `products_product` (
  `id` bigint NOT NULL AUTO_INCREMENT,
  `title` varchar(100) NOT NULL,
  `brand` varchar(100) NOT NULL,
  `description` longtext NOT NULL,
  `features` longtext NOT NULL,
  `measures` longtext NOT NULL,
  `materials` longtext NOT NULL,
  `colors` longtext NOT NULL,
  `image` varchar(100) DEFAULT NULL,
  `created` datetime(6) NOT NULL,
  `updated` date NOT NULL,
  `image1` varchar(100) DEFAULT NULL,
  `image2` varchar(100) DEFAULT NULL,
  `image3` varchar(100) DEFAULT NULL,
  PRIMARY KEY (`id`)
) ENGINE=InnoDB AUTO_INCREMENT=187 DEFAULT CHARSET=utf8mb4 COLLATE=utf8mb4_0900_ai_ci;
/*!40101 SET character_set_client = @saved_cs_client */;

--
-- Dumping data for table `products_product`
--

LOCK TABLES `products_product` WRITE;
/*!40000 ALTER TABLE `products_product` DISABLE KEYS */;
INSERT INTO `products_product` VALUES (1,'Avenica','Labenze','Silla con brazos elaborada en tecnopolímero con estructura sólida / asiento y respaldo flexible.\r\nPara uso interno y externo.\r\nApilable x 6 piezas.','• Apilable.\r\n• Uso Interno y Externo.\r\n• Respaldo y asiento flexible.','• Altura total: 84 cm.\r\n• Piso – asiento: 46 cm.\r\n• Perfil: 55 cm.\r\n• Ancho base: 54 cm.','Tecnopolímero','Blanco.\r\nSander.','products/AVENICA.jpg','2021-09-18 19:08:05.420035','2021-09-23','','',''),(2,'Coccolona','Labenze','Silla resistente y estable elaborada en polipropileno. \r\nDiseño de 4 patas antiderrapantes. \r\nApilable (1 plaza x 12 piezas, 2 plazas x 6 piezas). \r\nPara uso interno y externo.','• Apilable.\r\n• Uso Interno y Externo.\r\n• Patas antiderrapantes.','1 plaza\r\n• Altura total: 83 cm.\r\n• Piso – asiento: 45 cm.\r\n• Perfil: 60 cm.\r\n• Ancho base: 66 cm.\r\n\r\n2 plazas\r\n• Altura total: 83 cm.\r\n• Piso – asiento: 45 cm.\r\n• Perfil: 60 cm.\r\n• Ancho base: 141 cm.','Polipropileno','1 plaza\r\nAntracita.\r\nBlanco.\r\nNaranja.\r\nRojo.\r\nDove Gray.\r\nVerde.\r\n\r\n2 plazas\r\nAntracita.\r\nBlanco.\r\nRojo.\r\nDove Gray.','products/coccolona-roja.jpg','2021-09-18 19:09:25.505749','2021-10-12','products/coccolona-verde.jpg','',''),(3,'Lisa','Labenze','Silla con asiento y respaldo de tecnopolímero.\r\nEstructura en acero cal.16 con recubrimiento base poliéster al color del cuerpo.\r\nApilable x 10 piezas.\r\nPara uso interno y externo.','• Apilable.\r\n• Uso Interno y Externo.\r\n• Recubrimiento de base con poliéster.','• Altura total: 76 cm.\r\n• Piso – asiento: 46 cm.\r\n• Perfil: 54 cm.\r\n• Ancho base: 51 cm.','Tecnopolímero.\r\nPoliéster.','Blanco.\r\nAmarilla.\r\nAzul Cielo.\r\nNegro','products/lisa-arena.jpg','2021-09-18 19:11:08.300348','2021-10-16','products/lisa-amarillo.jpg','products/lisa-arena-frontal.jpg','products/Lisa-azul.jpg'),(4,'Nuta','Labenze','Silla con o sin brazos de tecnopolímero con asiento y respaldo multiperforado.\r\nCon 4 patas al color del cuerpo.\r\nApilable x 6 piezas.\r\nPara uso interno y externo.','•	Apilable.\r\n•	Uso Interno y Externo.\r\n•	Respaldo multiperforado.','•	Altura total: 79 cm.\r\n•	Piso – asiento: 45 cm.\r\n•	Perfil: 55 cm.\r\n•	Ancho base: 52 cm.','Tecnopolímero','Blanco.\r\nNegro.\r\nAzul marino.\r\nBordeaux.\r\nVerde militar.\r\nGris mineral.\r\nLima.','products/NUTA.jpg','2021-09-22 00:42:01.192571','2021-10-16','products/NUTA-frontal.jpg','products/NUTA-POSTERIOR.jpg',''),(5,'Abuela','Labenze','Silla de 4 patas elaborada con tecnopolímero.\r\nApilable x 4 piezas. \r\nPara uso interno y externo.','•	Apilable.\r\n•	Uso Interno y Externo.','•	Altura total: 76.5 cm.\r\n•	Piso – asiento: 44.5 cm.\r\n•	Perfil: 52.5 cm.\r\n•	Ancho base: 54.5 cm.','Tecnopolímero.','Blanco.\r\nRojo.\r\nNegro.\r\nSander.','products/ABUELA-tres-cuartos.jpg','2021-09-22 00:46:17.852387','2021-10-16','products/ABUELA-LATERAL.jpg','',''),(6,'Bakhita','Labenze','Silla de 4 patas en tecnopolímero reforzado con polímero de alta resistencia.\r\nPara uso interior y exterior.\r\nApilable x 5 piezas.','•	Apilable.\r\n•	Uso Interno y Externo.\r\n•	Recubrimiento de base polímero de alta resistencia.','•	Altura total: 80 cm.\r\n•	Piso – asiento: 45 cm.\r\n•	Perfil: 54 cm.\r\n•	Ancho base: 44 cm.','Tecnopolímero.\r\nPolímero.','Blanco.\r\nGris.\r\nSander.\r\nAntracita.','products/Bakhita_azul.jpg','2021-09-22 00:49:53.108733','2021-10-16','products/Bakhita.jpg','products/bakhita-1.jpg','products/Bakhita-arena.jpg'),(7,'Drop','Labenze','Cuerpo en tecnopolímero reciclable. \r\nBase de 4 patas en tubular de acero cromo o pintado en color blanco y/o antracita cal. 16 mm. \r\nPara uso interno.\r\nApilable x 5 piezas.','•	Apilable.\r\n•	Uso Interno y Externo.\r\n•	Cuerpo de tecnopolímero reciclable.','•	Altura total: 78 cm.\r\n•	Piso – asiento: 46 cm.\r\n•	Perfil: 57 cm.\r\n•	Ancho base: 61 cm.','Acero.\r\nTecnopolímero.','Estructura cromo: \r\nAntracita.\r\nBlanco.\r\nDovegray.\r\n\r\nEstructura pintada blanco: \r\nBlanco.\r\nDovegray.\r\n\r\nEstructura pintada antracita: \r\nAntracita.','products/DROP.jpg','2021-09-22 00:52:39.479074','2021-10-12','products/drop-dove-gray.jpg','',''),(8,'Flap','Labenze','Silla plegable de tecnopolímero. \r\nPlegable. \r\nPara uso interno y externo.','•	Apilable.\r\n•	Uso Interno y Externo.\r\n•	Base de tecnopolimero.','•	Altura total: 80 cm.\r\n•	Piso – asiento: 44 cm.\r\n•	Perfil: 51 cm.\r\n•	Ancho base: 55 cm.','Tecnopolímero.','Negro.\r\nSander.\r\nLangosta.\r\nVerde Olivo.\r\nAzul Pálido.','products/FLAP-tres-cuartos.jpg','2021-09-22 00:54:40.823573','2021-10-12','products/FLAP-frontal.jpg','products/FULLER-LATERAL.jpg',''),(9,'Minush','Labenze','Silla con brazos elaborada en tecnopolímero con asiento y respaldo perforado. \r\nPara uso interno y externo. \r\nApilable x 9 piezas.','•	Apilable.\r\n•	Uso Interno y Externo.\r\n•	Respaldo multiperforado.','•	Altura total: 81.5 cm.\r\n•	Piso – asiento: 46.5 cm.\r\n•	Perfil: 56 cm.\r\n•	Ancho base: 59 cm.','Tecnopolímero.','Blanco.\r\nDovegray.\r\nTurqueza.','products/MINUSH.jpg','2021-09-22 00:58:23.707176','2021-10-12','','',''),(10,'Gran Minush','Labenze','Sillón de 1 plaza en tecnopolímero coinyectado con base en acero recubierto con tecnopolímero. \r\nPara uso interno y externo.','•	Uso Interno y Externo.\r\n•	Recubrimiento de base con tecnopolimero.','•	Altura total: 79.5 cm.\r\n•	Piso – asiento: 38 cm.\r\n•	Perfil: 65.5 cm.\r\n•	Ancho base: 72.5 cm.','Acero.\r\nTecnopolímero.','Blanco.\r\nDovegray.','products/GRAND-MINUSH.jpg','2021-09-22 01:00:16.998909','2021-10-12','','',''),(11,'Máxima','Labenze','Silla resistente y estable elaborada en polipropileno reciclable reforzada con fibra de vidrio.\r\nDiseño tejido. \r\nPara uso interno y externo. \r\nApilable x 4 piezas.','•	Apilable.\r\n•	Uso Interno y Externo.\r\n•	Polipropileno reforzado con fibra de vidrio.','•	Altura total: 83 cm.\r\n•	Piso – asiento: 45 cm.\r\n•	Perfil: 60 cm.\r\n•	Ancho base: 72 cm.','Polipropileno.\r\nFibra de vidrio.','Blanco.\r\nAntracita.\r\nBronce.','products/MAXIMA.jpg','2021-09-22 01:02:53.013262','2021-10-21','','',''),(12,'Ginevra Lounge','Labenze','Elaborada en tecnopolímero, reforzada con fibra de vidrio por medio de tecnología air moulding. \r\nPara uso interno y externo. \r\nApilable x 6 piezas.','•	Apilable.\r\n•	Uso Interno y Externo.\r\n•	Tecnopolímero reforzado con fibra de vidrio.','•	Altura total: 78 cm.\r\n•	Piso – asiento: 63 cm.\r\n•	Perfil: 62 cm.\r\n•	Ancho base: 68 cm.','Tecnopolímero.\r\nFibra de vidrio.','Blanco.\r\nAntracita.\r\nDovegray.','products/GINEVRA-LOUNGE.jpg','2021-09-22 01:07:36.190520','2021-10-12','','',''),(13,'Olimpia','Labenze','Asiento y respaldo en polipropileno con diseño tejido con brazos. \r\nEstructura de 4 patas en aluminio cubiertas c/diseño tejido De 25 mm de diametro. \r\nPara uso interno y externo. \r\nApilable x4 piezas.','•	Apilable.\r\n•	Uso Interno y Externo.\r\n•	Estructura en aluminio con diseño tejido en polipropileno.','•	Altura total: 82 cm.\r\n•	Piso – asiento: 45 cm.\r\n•	Perfil: 55 cm.\r\n•	Ancho base: 61 cm.','Polipropileno.\r\nAluminio.','Blanco.\r\nAntracita.\r\nBronce.','products/olimpia-1.jpg','2021-09-22 01:09:21.762430','2021-10-12','products/olimpia-5.jpg','products/olimpia-3.jpg','products/olimpia-4.jpg'),(14,'Fuller','Labenze','Silla elaborada en tecnopolímero, tecnología inyeccion 3D, con base de trineo en acero pintado con recubrimiento para exterior. \r\nPara uso interno y externo. \r\nApilable x 6 piezas.','•	Apilable.\r\n•	Uso Interno y Externo.\r\n•	Tecnopolímero por medio de tecnología de inyección de 3D.','•	Altura total: 80 cm.\r\n•	Piso – asiento: 46 cm.\r\n•	Perfil: 51 cm.\r\n•	Ancho base: 55 cm.','Tecnopolímero.','Blanco.\r\nNegro.\r\nRojo.\r\nAmarillo.','products/Fuller_Labenze.png','2021-09-22 01:12:05.846504','2021-10-15','','',''),(15,'Mesa Claro','Labenze','Mesa h. 75 cm para exterior estructura de 4 patas elaborada en acero recubierto con tecnopolímero.\r\nCubierta compactop 0.70x1.40 mts, 0.70X0.70 mts. Para uso interno y externo.','•	Uso Interno y Externo.\r\n•	Base de acero con recubirmiento en tecnopolímero.','•	Altura total: 75 cm.\r\n•	Cubiertas: 0.70x1.40 mts, 0.70X0.70 mts.','Tecnopolímero.\r\nAcero.','Negro.\r\nBlanco.','products/MESA-CLARO.jpg','2021-09-22 01:15:29.913629','2021-10-12','','',''),(16,'Arket','Labenze','Mesa con cubierta elaborada en acero version cudrada y circular, cvon base y columna de aluminio de  3 y 4 puntos, con regaton ajustable. Cubierta y base pintadas al mismo tono.Versión de alturas h.50 / h.74 /h.10.Para uso interno y externo.','•	Uso Interno y Externo.','• H.50,Circular D.60\r\n• H.110,Circular D.60\r\n• H.74,Circular D.70\r\n• H.74,Cuadrada 70X70.','Aluminio.','Blanco.\r\nNegro.\r\nAzul.\r\nBordeux.\r\nLima.\r\nGris mineral.','products/Arket_02.png','2021-09-22 01:53:38.965229','2021-10-16','products/Arket_01.png','products/ARKET_icnzvRJ.jpg',''),(17,'Bases compact','Labenze','Cubierta comprimida elaborada en resina fenólica, capas decorativas en resina melamínica.','•	Uso Interno y Externo.','•	Cuadrada 60x60x1.3 cms.\r\n•	Cuadrada 68x68x1.3 cms.\r\n•	Cuadrada 80x80x1.3 cms.\r\n•	Cuadrada 90x90x1.3 cms. \r\n•	Circular D=60X1.3 cms.\r\n•	Circular D=68X1.3 cms.\r\n•	Circular D=80X1.3 cms.','Resina fenólica.\r\nMelamínica.','•	Antracita, Blanco, Gris, Roble Corte Áspero\r\n•	Blanco, Antracita, DARK MARBLE, White Marble, Roble Corte Áspero\r\n•	Blanco, Antracita, DARK MARBLE, White Marble,\r\n•	Blanco, Antracita, DARK MARBLE, White Marble,Roble Corte Aspero, Gris\r\n•	Blanco y gris\r\n•	Blanco, Antracita, Gris, Roble Corte Aspero','products/Base-compact-cuadrada.png','2021-09-22 01:55:30.365293','2021-10-18','products/Base-compact-circular.png','',''),(19,'Nemo (base)','Labenze','Base elaborada en aluminio de 4 puntas con regatones, columna cuadrada con filos redondeados. Para uso Interior / Exterior.','•	Uso Interno y Externo.','•	H.73,Circular D.60\r\n•	H.110,Circular D.60\r\n•	H.50,Circular D.70\r\n•	Ancho base: 51 cm.','Blanco.','Blanco.\r\nAntracita.','products/base-nemo-1.jpg','2021-09-22 01:58:39.476127','2021-10-12','products/base-nemo-2.jpg','products/base-nemo-3.jpg',''),(20,'Fiorellina','Infiniti','Silla de una sola pieza moldeada por inyección de polipropileno de fibra de vidrio con y sin brazos. Disponible con y sin agujeros en asiento y respaldo. También adecuado para uso en exteriores.','•	Para uso exterior.\r\n•	Apilable x 4 piezas.','•	Altura total: 78.3 cm.\r\n•	Piso – asiento: 45.6 cm.\r\n•	Perfil: 55 cm.\r\n•	Ancho base: 53 cm.','Polipropileno recubierto con fibra de vidrio.','Blanco.\r\nArena.\r\nAzul polvo.\r\nMarsala.\r\nAntracita.','products/FIORELLINA.jpg','2021-09-22 02:00:23.145547','2021-10-14','products/FIORELLINA-frontal.jpg','products/FIORELLINA_3.jpg','products/FIORELLINA1.jpg'),(21,'Amyopen','Labenze','Silla con cuerpo en poliuretano inyectado y tapizado.  Consultar carta de tapices. Para Uso Interno. Compatible con las siguientes bases: Base R3 Cromo, Base R3 Negro, Base R3 Blanco, Base L3, Base P3 Cromo, Base P3 Negro, Base P3  Blanco, Base R10 aluminio, Base R10 negro, Base R10 aluminio, Base L17 Natural/Wenghé/Nogal, Base S3 negro, Base S3 cromo, Base S3 blanco, Base R16 aluminio negro,  Base R16 aluminio blanco.','•	Para Uso Interno.\r\n•	Disponible en variedad de bases.','•	Altura total: 83 cm.\r\n•	Piso – asiento: 46 cm.\r\n•	Perfil: 55 cm.\r\n•	Ancho base: 46 cm.','Poliuretano inyectado.','Consultar carta de tapices.','products/AMYOPEN.jpg','2021-09-22 15:41:30.270384','2021-10-12','','',''),(22,'Annette','Labenze','Sillón con cuerpo en poliuretano inyectado y tapizado. Para uso interno.  Consultar carta de tapices. Compatible con las siguientes bases: Base L3 Natural/Wenghé/Nogal, Base R3 cromo, Base R3 Negro, ,Base R3 Blanco,  Base P3 cromo, Base P3 Negro, ,Base P3 Blanco, Base R10 aluminio, Base R10 Negro,  Base L17  Natural/Wenghé/Nogal, Base P4 cromo, Base P4 Negro, Base P4 Blanco, Base D1 acero inóxidable.','•	Para Uso Interno.\r\n•	Disponible en variedad de bases.','•	Altura total: 79 cm.\r\n•	Piso – asiento: 46 cm.\r\n•	Perfil: 60 cm.\r\n•	Ancho base: 62 cm.','Poliuretano inyectado.','Consultar carta de tapices.','products/ANNETTE-P2_jQl1Qx5.jpg','2021-09-22 15:45:12.473690','2021-10-12','products/ANNETTE-R3.jpg','',''),(23,'Breck & Lounge','Labenze','Sillón con estructura interna en acero recubierto en poliurentano inyectado y tapizado. Consultar carta de tapices. Para uso interno. Compatible con las siguientes bases: Base L31 Natural/Wenghé/Nogal, Base R13 cromo, Base R13 Negro, Base S7 Negro,  Base S7 cromo, Base L21 Natural/Wenghé/Nogal.','•	Para uso interno.\r\n•	Disponible en variedad de bases.','•	Altura total: 81 cm.\r\n•	Piso – asiento: 42 cm.\r\n•	Perfil: 60 cm.\r\n•	Ancho base: 72 cm.','Poliuretano inyectado.','Consultar carta de tapices.','products/BRECK-L17.jpg','2021-09-22 15:48:39.388376','2021-10-12','products/BRECK-LOUNGE_31.jpg','products/BRECK-LOUNGE-S7.jpg',''),(24,'Brigida','Labenze','Silla con cuerpo en poliuretano inyectado y tapizado. Base de 4 patas en madera de fresno Natural/Wenghé/Nogal.','•	Para uso interno.\r\n•	Base en madera de fresno.','•	Altura total: 80 cm.\r\n•	Piso – asiento: 46 cm.\r\n•	Perfil: 59 cm.\r\n•	Ancho base: 60 cm.','Poliuretano inyectado.','Consultar carta de tapices.','products/BRIGIDA.jpg','2021-09-22 15:57:49.362746','2021-10-12','','',''),(25,'Camila','Labenze','Sillón de 1 plaza con cuerpo en forma de L en poliuretano inyectado.Base R13 giratoria de 4 puntas planas en acero cromado.','•	Para uso interno.\r\n•	Consulta carta de tapices para selección del color.','•	Altura total: 77 cm.\r\n•	Piso – asiento: 40 cm.\r\n•	Perfil: 68 cm.\r\n•	Ancho base: 74 cm.','Poliuretano inyectado.','Consultar carta de tapices.','products/CAMILA.jpg','2021-09-22 16:00:56.607662','2021-10-12','','',''),(26,'Gala','Labenze','Sillón de 1 plaza cuerpo en poliuretano inyectado y tapizado con estructura interna metálica y base de  asiento con bandas tensoras.\r\nConsultar carta de tapices. Para uso interno. Compatible con las siguientes bases: Base R3 Cromo, Base R3 Negro, Base R3 Blanco, Base P3 Cromo, Base P3 Negro, Base P3  Blanco, Base R10 aluminio, Base R10 negro, Base S5 negro, Base S5 cromo, Base S5 blanco, Base P4 Cromo, Base P4 Negro, Base P4  Blanco.','•	Para uso interno.\r\n•	Disponible en variedad de bases.\r\n•	Consulta carta de tapices para selección del color.','Base P4\r\n• Altura total: 77 cm.\r\n• Piso – asiento: 58 cm.\r\n• Perfil: 68 cm.\r\n• Ancho base: 74 cm.\r\n\r\nBase R10\r\n• Altura total: 80 cm.\r\n• Piso – asiento: 57 – 65 cm.\r\n• Perfil: 48 cm.\r\n• Ancho base: 58 cm.','Poliuretano inyectado.','Consultar carta de tapices.','products/gala.jpg','2021-09-22 16:02:52.683864','2021-10-19','','',''),(27,'Kira & Divano','Labenze','KIRA\r\nSillón de 1 plaza cuerpo en poliuretano inyectado y tapizado.\r\nCompatible con las siguientes bases: Base L3 Natural/Wenghé/Nogal, Base L17 Natural/Wenghé/Nogal, Base R3 Cromo, Base R3 Negro, Base R3 Blanco, Base L3, Base P3 Cromo, Base P3 Negro, Base P3  Blanco, Base R10 aluminio, Base R10 negro, Base R10 aluminio, Base D1 acero inóxidable, Base S5 negro, Base S5 cromo, Base S5 blanco,  Base R16 aluminio negro,  Base R16 aluminio blanco, Base P4 Cromo, Base P4 Negro, Base P4  Blanco.\r\n\r\nKIRA DIVANO\r\nSofá de 2 plazas cuerpo en poliuretano inyectdo y tapizado. Base de 4 patas en madera sólida unidas por placa metálica.','•	Para uso Interno.\r\n•	Base en madera y placa metalica.                                                                                                                      •	Consulta carta de tapices para selección del color.','KIRA\r\n•	Altura total: 81 cm.\r\n•	Piso – asiento: 44 cm.\r\n•	Perfil: 59 cm.\r\n•	Ancho base: 63 cm.\r\n\r\nKIRA DIVANO\r\n•	Altura total: 82 cm.\r\n•	Piso – asiento: 45 cm.\r\n•	Perfil: 59 cm.\r\n•	Ancho base: 128 cm.','Poliuretano inyectado.','Consultar carta de tapices.','products/Kira-Divano_Labenze.png','2021-09-22 16:04:40.693129','2021-10-15','','',''),(28,'Meg','Labenze','Sillón de 1 plaza cuerpo en poliuretano inyectado y tapizado.\r\nCompatible con las siguientes bases: Base L3 Natural/Wenghé/Nogal, Base R3 Cromo, Base R3 Negro, Base R3 Blanco, Base P3 Cromo, Base P3 Negro, Base P3  Blanco, Base R10 aluminio, Base R10 negro, Base D1 acero inóxidable, Base L17 Natural/Wenghé/Nogal, Base P4 Cromo, Base P4 Negro, Base P4  Blanco.','•	Para uso Interno.\r\n•	Disponible en variedad de bases.                                                                                                                       •	Consulta carta de tapices para selección del color.','•	Altura total: 77 cm.\r\n•	Piso – asiento: 45 cm.\r\n•	Perfil: 54 cm.\r\n•	Ancho base: 62 cm.','Poliuretano inyectado.','Consultar carta de tapices.','products/MEG-R3.jpg','2021-09-22 16:08:25.479096','2021-10-12','products/MEG-D1.jpg','products/MEG-R1-bianca.jpg',''),(29,'Nell','Labenze','Silla con estructura interna en acero recubierto en poliurentano inyectado y tapizado. Consultar carta de tapices. Compatible con las siguientes bases: Base GL Natural/Wenghé/Nogal, Base R3 Cromo, Base R3 Negro, Base R3 Blanco, Base P3 Cromo, Base P3 Negro, Base P3  Blanco, Base R10 aluminio, Base R10 negro, Base L17 Natural/Wenghé/Nogal, Base R16 aluminio negro,  Base R16 aluminio blanco.','•	Para uso Interno.\r\n•	Disponible en variedad de bases.                                                                                                                       •	Consulta carta de tapices para selección del color.','•	Altura total: 88 cm.\r\n•	Piso – asiento: 46 cm.\r\n•	Perfil: 59 cm.\r\n•	Ancho base: 47 cm.','Poliuretano inyectado.','Consultar carta de tapices.','products/NELL-L9.jpg','2021-09-22 16:10:51.754741','2021-10-12','products/NELL-L17.jpg','',''),(30,'Tula','Labenze','Sillón con estructura interna en acero recubierto en poliurentano inyectado y tapizado. Consultar carta de tapices.  Compatible con las siguientes bases: Base L3 Natural/Wenghé/Nogal, Base R3 Cromo, Base R3 Negro, Base R3 Blanco, Base L3, Base P3 Cromo, Base P3 Negro, Base P3 Blanco, Base R10 aluminio, Base R10 negro, Base L17 Natural/Wenghé/Nogal, Base D1 acero inóxidable, Base R16 aluminio negro,  Base R16 aluminio blanco.','•	Para uso Interno.\r\n•	Disponible en variedad de bases.                                                                                                                       •	Consulta carta de tapices para selección del color.','•	Altura total: 80 cm.\r\n•	Piso – asiento: 46 cm.\r\n•	Perfil: 63 cm.\r\n•	Ancho base: 62 cm.','Poliuretano inyectado.','Consultar carta de tapices.','products/TULA-P2.jpg','2021-09-22 16:32:27.055958','2021-10-12','products/TULA-L3.jpg','',''),(31,'Zelig','Labenze','Modular con diferentes elementos, bases de madera en haya natura y plazas en poliuretano inyectado o mesa en madera.  Consultar carta de tapices. Para uso interno.','•	Para uso Interno.\r\n•	Base en madera de fresno.                                                                                                                                  •	Consulta carta de tapices para selección del color.','•	Altura total: 77 cm.\r\n•	Piso – asiento: 45 cm.\r\n•	Perfil: 60 cm.\r\n•	Ancho base: 60 cm 1 plaza y 120-180 cm 2 o 3 plazas.','Poliuretano inyectado.','Consultar carta de tapices.','products/Zelig.jpg','2021-09-22 16:35:04.519556','2021-10-12','products/zelig2.jpg','products/zelig-3.jpg',''),(32,'Nora','Labenze','Sillón con estructura interna en acero recubierto en poliurentano inyectado y tapizado. Consultar carta de tapices. Compatible con las siguientes bases: Base R13 Cromo, Base R13 Negro, Base S7 Cromo, Base S7 Negro, Base L21 Natural/Wenghé/Nogal, Base L25 Natural/Wenghé/Nogal.','•	Para uso Interno.\r\n•	Disponible en variedad de bases.                                                                                                                       •	Consulta carta de tapices para selección del color.','•	Altura total: 11 cm.\r\n•	Piso – asiento: 42 cm.\r\n•	Perfil: 80 cm.\r\n•	Ancho base: 75 cm.','Poliuretano inyectado.','Consultar carta de tapices.','products/NORAH.jpg','2021-09-22 16:36:51.539799','2021-10-12','','',''),(33,'Rubik','Labenze','Sillón 1 plaza y sofá 2 plazas con cuerpo en poliuretano inyectado y tapizado con asiento con cojín independiente.','•	Uso Interno.\r\n•	Patas de aluminio cilíndricas.\r\n•	Consulta carta de tapices para selección del color.','•	Altura total: 71 cm.\r\n•	Piso – asiento: 44 cm.\r\n•	Perfil: 67 cm.\r\n•	Ancho base: 77 cm 1 plaza y 138 cm 2 plazas.','Poliuretano inyectado y patas de aluminio.','Consultar carta de tapices.','products/rubick-1_0HianbE.jpg','2021-09-22 16:38:17.745245','2021-10-15','','',''),(34,'Stella modular','Requiez','Sillón modular con una gran variedad de configuraciones, para espacios versátiles y dinámicos. Se adapta según las necesidades y estilos.','•	Fabricado en una sola pieza en inyección de poliuretano de 53 kg/m3 de densidad con retardante de flama.\r\n•	Estructura con alma de acero y esquineros en madera.\r\n•	Regatones de polipropileno niveladores.','Ste 01: \r\n•	Altura total: 74 cm.\r\n•	Perfil: 70 cm.\r\n•	Ancho base: 50 cm.\r\n\r\nSte 02: \r\n•	Altura total: 74 cm.\r\n•	Perfil: 70 cm.\r\n•	Ancho base: 100 cm.\r\n•	Piso – asiento: 40 cm.\r\n\r\nSte 03: \r\n•	Altura total: 74 cm.\r\n•	Perfil: 70 cm.\r\n•	Ancho base: 65 - 13 cm.\r\n\r\nSte 04: \r\n•	Altura total: 74 cm.\r\n•	Perfil: 75 cm.\r\n•	Ancho base: 70 x 70 cm.\r\n\r\nSte 05: \r\n•	Altura total: 40 cm.\r\n•	Perfil: 60 x 60 cm.\r\n•	Ancho base: 70 x 70 cm.\r\n\r\nSte 06: \r\n•	Altura total: 74 cm.\r\n•	Perfil: 60 x 60 cm.\r\n•	Ancho base: 70 x 70 cm.','Acero y madera.','Consulta carta de tapices','products/estela-completo.jpg','2021-09-22 16:40:16.233154','2021-10-12','products/estela-4.jpg','products/estela_4.jpg','products/estela_3.jpg'),(35,'Esencia','Requiez','Confortable italiano de 1 plaza, monoescoca de poliuretano inyectado de alta densidad, pata tipo D en tubular elíptico en acero terminada en pintura electrostática color gris. Para uso interno.','•	Acojinamiento de poliuretano flexible con densidad 37 kg /mt3 de alta resilencia.\r\n•	En el tablero de MDF de alta densidad modular con ventilaciones de aire.\r\n•	Asiento en MDF de 12 mm\r\n•	Base fabricadas en tubular redondo de 7/8”\r\n•	Cal 16 y solera 1018 de 1/4”. Acabado en pintura electrostatica en color negro.\r\n•	Opcionales:\r\n•	Mesa circular\r\n•	Mesa lateral o central\r\n•	Mesa independiente.','•	Altura total: 66 cm sin respaldo, 72 cm con respaldo\r\n•	Piso – asiento: 66 cm.\r\n•	Perfil: 66 cm.\r\n•	Ancho base: 132- 198 cm.','Poliuretano, pintura electrostatica.','Consulta carta de tapices.','products/esencia-1.jpg','2021-09-22 16:41:51.869709','2021-10-18','products/esencia-2.jpg','products/esencia-3.jpg','products/esencia-5.jpg'),(36,'RE-810','Requiez','Poltrona Ada Closed, fabricado con estructura interna de acero y esquineros en madera, asiento y respaldo en poliuretano inyectado de alta densidad con retardante de flama, elemento de guarda lateral para dispositivo móvil o revistero.','•	Asiento y respaldo fabricado en poliuretano inyectado de 53 kg/m3 con retardante de flama.\r\n•	Estructura con alma de acero y esquineros en madera.\r\n•	Revistero y porta accesorios opcional.','•	Altura total: 94 cm.\r\n•	Piso – asiento: 42 cm.\r\n•	Perfil: 73 cm.\r\n•	Ancho base: 70 cm.','Poliuretano.','Consulta carta de tapices.','products/810-3.jpg','2021-09-22 16:43:25.912243','2021-10-18','products/810-2.jpg','products/810-1.jpg',''),(37,'Porta venezia banco','Infiniti','Silla y banco con estructura de haya maciza con respaldo y asiento en polipropileno con opción tapizada y lounge.','•	Asiento y respaldo en polipropileno.                                                                                                                  \r\n•	Marco de haya maciza disponible en versiones: silla, taburete de bar y taburete de cocina.                \r\n•	Versión con tapizados en cuero, eco-cuero o tela.','Silla\r\n•	Altura total: 80.2 cm.\r\n•	Piso – asiento: 46.5 cm.\r\n•	Perfil: 49.4 cm.\r\n•	Ancho base: 40.1 cm.\r\n\r\nBancos\r\n•	Altura total: 95 cm. (cocina) 106.9 cm (bar)\r\n•	Piso – asiento: 67 cm. (cocina) 79 cm (bar)\r\n•	Perfil: 54 cm. (cocina) 56 cm (bar)\r\n•	Ancho base: 43.5 cm. (cocina) 44 cm (bar)','Haya natural.','Blanco.\r\nGris.\r\nTabaco\r\nRojo.\r\nAmarillo.','products/PORTA_VENEZIA_BANCO_2.jpg','2021-09-22 16:45:33.182197','2021-10-15','products/PORTA_VENEZIA_BANCO_1.jpg','products/PORTA_VENEZIA_SILLA_4.jpg','products/PORTA_VENEZIA_SILLA_2.jpg'),(38,'Porta venezia lounge','Infiniti','Sillón con estructura de haya maciza con respaldo y asiento en polipropileno con opción tapizada y lounge.','•	Asiento y respaldo en polipropileno.                                                                                                                  \r\n•	Marco de haya maciza disponible en versiones: silla, taburete de bar y taburete de cocina.                \r\n•	Versión con tapizados en cuero, eco-cuero o tela.','•	Altura total: 69 cm.\r\n•	Piso – asiento: 43.5 cm.\r\n•	Perfil: 61.5 cm.\r\n•	Ancho base: 75.5 cm.','Haya natural.','Consultar carta de tapices.','products/PORTA_VENEZIA_LOUNGE_1.jpg','2021-09-22 16:46:47.035987','2021-10-14','products/PORTA_VENEZIA_LOUNGE_2.jpg','',''),(39,'Pure loop','Infiniti','Monocarcasa  de policarbonato con versión tapizada en tela y gran variedad de soportes en materiales de la mas alta calidad.','•	Cuerpo en una sola pieza en polipropileno reforzado con fibra de vidrio y tecnología de inyección de dos disparos.                                                                                                                                                                \r\n•	Marco de 4 patas en acero cromo o pintado.','•	Altura total: 81.5 cm.\r\n•	Piso – asiento: 46.5 cm.\r\n•	Perfil: 55cm.\r\n•	Ancho base: 59.5 cm.','Policarbonato.','Blanco.\r\nNegro.\r\nRojo.\r\nGris.\r\nVerde.\r\nNaranja.','products/Pure_Loop_.jpg','2021-09-22 16:48:25.247892','2021-10-14','products/Pure_Loop_2.jpg','products/Pure_Loop_Retro.jpg','products/Pure_Loop_Retro_2.jpg'),(40,'Interface','Interface','Productos Interface son la solución perfecta para alfombras de área en espacios comerciales. Nuestro sistema integrado de alfombra y LVT permite inserciones de alfombra sin costuras, y nuestra loseta de alfombra puede flotar libremente sobre cualquier superficie dura. Obtenga el aspecto que desea sin comprometer el rendimiento o el mantenimiento. Además que invita a otras empresas a unirse a comprometernos a administrar su negocio de una manera restauradora para el planeta y cree un clima apropiado para la vida.','•	Desgaste y resiliente.','•	Medida 25 x 100 cm\r\n•	Caja cerrada 5m2 con 20 táctiles por caja.','Redes de pesca.','Charcoal.\r\nCobble.\r\nLima.\r\nKiwi.\r\nMeadow.\r\nNaranja.\r\nPaprika.\r\nSunrise.\r\nCanario.\r\nAqua.\r\nVioleta.','products/interface.png','2021-09-22 16:51:55.860697','2021-10-20','products/interface2.png','products/interface3.png',''),(41,'Bobo','Infiniti','Banco con asiento de polipropileno. Marco de acero cromado o pintado.','•	Taburete de polipropileno con asiento de fibra de vidrio.                                                                            \r\n•	Marco de acero cromado o barnizado.                                                                                                        \r\n•	Disponible en dos alturas; bar y cocina.','•	Altura total: 64 cm. (cocina) 75 cm (bar)\r\n•	Perfil: 44.5 cm. (cocina) 46.5 cm (bar)\r\n•	Ancho base: 44.9 cm. (cocina) 46.8 cm (bar)','Polipropileno y fibra de vidrio.','Blanco, arena y antracita.','products/bobo_stool_2.jpg','2021-09-22 16:53:15.949075','2021-10-14','products/bobo_stool_kitchen.jpg','products/bobo_stool.jpg',''),(42,'Silla Replay','Labenze','Silla con asiento y respaldo en polipropileno, con base de 4 patas en tubular de acero cromo o pintado con respaldo multiperforado. Apilable x 6 piezas.','•	Para uso Interno.\r\n•	Estructura acero con opciones de pitura.\r\n•	Variedad de colores disponibles.','•	Altura total: 81.5 cm.\r\n•	Piso – asiento: 45 cm.\r\n•	Perfil: 57 cm.\r\n•	Ancho base: 81.5 cm.','Polipropileno y acero.','Negro, Blanco, Gris, Antracita, Naranja, Rojo, Azul Cielo, Amarillo, Azul Marino, Verde.','products/replay_r8lX4Ny.jpg','2021-09-22 16:54:20.253189','2021-10-15','','',''),(43,'Silla Areta','Labenze','Silla con asiento y respaldo en polipropileno, con base de 4 patas en tubular de acero cromo o pintado.Apilable x 6 piezas.','•	Para uso Interno.\r\n•	Estructura acero con opciones de pitura.\r\n•	Variedad de colores disponibles.','•	Altura total: 81.5 cm.\r\n•	Piso – asiento: 45 cm.\r\n•	Perfil: 57 cm.\r\n•	Ancho base: 81.5 cm.','Polipropileno y acero.','Antracita, Azul, Bordeux, Gris, Negro, Naranja, Rojo, Blanco.','products/Areta_silla.jpg','2021-09-22 17:06:16.485586','2021-10-15','','',''),(44,'París','Labenze','Sillón con estructura interna en acero recubierto en poliurentano inyectado y tapizado. Consultar carta de tapices. Compatible con las siguientes bases: Base R13 Cromo, Base R13 Negro, Base S7 Cromo, Base S7 Negro, Base L21 Natural/Wenghé/Nogal,','•	Para uso Interno.\r\n•	Disponible en variedad de bases.                                                                                                                       •	Consulta carta de tapices para selección del color.','•	Altura total: 91 cm.\r\n•	Piso – asiento: 43 cm.\r\n•	Perfil: 74 cm.\r\n•	Ancho base: 77 cm.','Poliuretano inyectado.','Consultar carta de tapices.','products/PARIS-L21.jpg','2021-09-22 17:07:28.077302','2021-10-21','products/PARIS.jpg','',''),(45,'Zebra tapiz','Labenze','Silla con cuerpo en tecnopolímero reciclable tapizado. Estructura de 4 patas en tubular de acero cal. 16 cromo o pintado en color (antracita, blanco o negro). Para uso interno.','•	Para uso interno.\r\n•	Estructura pintada cromo o pintada en color blanco, negro o antracita.','•	Altura total: 81 cm.\r\n•	Piso – asiento: 46 cm.\r\n•	Perfil: 52 cm.\r\n•	Ancho base: 54 cm.','Tecnopolómero','Consultar carta de tapices.','products/zebra-tapizada-1_vHttgtX.jpg','2021-09-22 17:08:53.717261','2021-10-15','products/zebra-tapizada_2fHOAmH.jpg','products/zebra-tapizada-2_IufmsTr.jpg',''),(46,'Zebra','Labenze','Silla con cuerpo en tecnopolímero reciclable. Estructura de 4 patas en tubular de acero cal. 16 cromo o pintado en color (antracita, blanco o negro). Para uso interno.','•	Para uso interno.\r\n•	Estructura pintada cromo o pintada en color blanco, negro o antracita.','•	Altura total: 81 cm.\r\n•	Piso – asiento: 46 cm.\r\n•	Perfil: 52 cm.\r\n•	Ancho base: 54 cm.','Tecnopolómero','Blanco, Dovegra, Naranja, Azul Cielo y Antracita.','products/zebra.jpg','2021-09-22 17:10:00.675278','2021-10-12','products/zebra-2.jpg','',''),(48,'RE-614','Requiez','Silla Outline 4 puntos de acero tubular terminada en pintura electrostática, apilable, asiento y respaldo en una sola pieza.','•	Diseño ergonómico para máximo confort.\r\n•	fabricado en una sola pieza de polipropileno.\r\n•	Acero tubular redondo cal 14 de 4 puntos terminado en pintura electrostática.\r\n•	Regatones de polipropileno.\r\n•	Apilable x 8 piezas.','•	Altura total: 80.6 cm.\r\n•	Piso – asiento: 43.2 cm.\r\n•	Perfil: 52.7 cm.\r\n•	Ancho base: 53.4 cm.','Polipropileno, pintura electrostatica','Negro, Blanco, Azul, Tabaco, Marsella','products/RE-614.jpg','2021-09-22 17:12:28.400755','2021-10-01','','',''),(49,'RE-615','Requiez','Silla Outline estructura sólida tipo patín terminada en pintura electrostática, apilable, asiento y respaldo en una sola pieza.','•	Diseño ergonómico para máximo confort.\r\n•	fabricado en una sola pieza de polipropileno.\r\n•	Acero tubular redondo cal 14 de 4 puntos terminado en pintura electrostática.\r\n•	Regatones de polipropileno.\r\n•	Apilable x 8 piezas.','•	Altura total: 80.4 cm.\r\n•	Piso – asiento: 43.2 cm.\r\n•	Perfil: 51.2 cm.\r\n•	Ancho base: 53.2 cm.','Polipropileno, pintura electrostatica','Negro, Blanco, Azul, Tabaco, Marsella','products/RE-615.jpg','2021-09-22 17:13:36.054358','2021-10-01','','',''),(50,'Lady B','Labenze','Silla con scocca en tecnopolímero. Estructura tubular en acero  16mm cromo o pintado en color (negro, blanco, antracita, amarilla o dovegray). Para uso interno. Apilable x 4 piezas.','•	Para uso interno.\r\n•	Estructura pintada cromo o pintada en color negro, blanco, antracita, amarilla o dovegray.','•	Altura total: 78 cm.\r\n•	Piso – asiento: 46cm.\r\n•	Perfil: 61 cm.\r\n•	Ancho base: 57 cm.','Tecnopolómero','Antracita,Azul Cielo,Amarillo,Dove Gray,Blanco,Terracota,Negro','products/Lady-B_Labenze.png','2021-09-22 17:15:01.469394','2021-10-15','products/Lady-B_02_Labenze.png','',''),(51,'Aktiva','Infiniti','Silla en polipropileno apilable con estructura  4 puntos en acero.    Con opción a brazos y rodajas.','•	Silla en polipropileno apilable x 6 piezas con estructura de 4 puntas en acero.\r\n•	Disponible con o sin brazos.','Sin medidas.','Silla en polipropileno apilable con estructura de 4 puntos en acero pintado o cromado.','Blanco, Gris, Bordeux ,Negro, Arena.','products/aktiva_2.jpg','2021-09-22 17:20:25.975689','2021-10-14','products/aktiva_3.jpg','products/aktiva.jpg',''),(52,'Mesa Step','Labenze','Mesa alta h 1.10 mts estructura de 4 patas elaborada en acero recubierto con tecnopolímero 1.20x0.70 mts. Cubierta compact. Para uso interno y externo.','•	Para uso interno y externo.\r\n•	Base de acero con recubirmiento en tecnopolímero.\r\n•	Cubierta compact.','Altura total: 110 cm.\r\n•	Cubierta: 70x120cm.\r\n•	Ancho base: 70 cm.','Tecnopolómero y acero','Blanco y negro.','products/mesa-step-1_TeOCmzy.jpg','2021-09-22 17:25:44.902152','2021-10-12','','',''),(53,'Areta con rodajas / malla','Labenze','Silla con asiento en polipropileno   y respaldo tapizado en malla. Base de 5 puntas cromo o pintada gris y/o negro con rodajas, ajuste altura con pistón.','•	Para uso interno.\r\n•	Estructura cromo o pintada en color gris, negro.','•	Altura total: 81.5 cm.\r\n•	Piso – asiento: 45 cm.\r\n•	Perfil: 57 cm.\r\n•	Ancho base: 81.5 cm.','Polipropileno y acero','COLORES DE PLÁSTICOS EN ASIENTO: \r\nAntracita, Azul, Bordeux, Gris, Negro, Naranja, Rojo, Blanco. \r\n\r\nCOLORES DE MARCO DE RESPALDO: \r\nAntracita, Negro MALLAS: ARENA, NEGRO, OXFORD','products/aretanBDXmarcoGRIS5puntasCROMADASconrodajas.jpg','2021-09-22 17:33:12.489960','2021-09-23','products/areta-mesh-con-rodajas-5.jpg','products/areta4patasGRISESconrespaldoenMALLANEGRAasientoAZUL.jpg','products/aretaGRIS4patasGRISES.jpg'),(54,'X10','Quadrifoglio','X10 Escritorio con proyección de diseño en una combinación perfecta entre innovación y tradición. Mobiliario contemporáneo que concentra dimensiones y proporciones del diseño tradicional. Formas amplias sin fin, elaboraciones de ensamblado de alta calidad, atención en las combinaciones de esencias y cuero y líneas suaves son los elementos para transformar símbolos del estatus en un proyecto que transmite resistencia con la ligereza de una línea.\r\n\r\nEcuación perfecta del equilibrio entre materia y forma del X10 siendo un escritorio que brinda prioridad a la elegancia de las formas y a la riqueza en la composición de sus proporciones, transformándose de forma inmediata en símbolo de modernidad, en sus acabados de chapa de madera y piel.\r\n\r\nElementos rigurosos, contrastes visuales, líneas inclinadas y sus juegos de composición delimitan las superficies del escritorio de dirección. Así como sus materiales y tonalidades elegantes para el gusto del director contemporáneo.\r\n\r\nLa idea de un espacio puro y limpio. La moderna organización de las áreas funcionales en las que los muebles se convierten en el punto de apoyo de una oficina creada para generar sensaciones, encuentros, socialización y operatividad. Las amplias superficies de trabajo crean soluciones para vivir en sintonía entre la oficina y el medio ambiente.\r\n\r\nLa madera se combina con el cuero con soluciones de elevada artesanía. La relación entre diseño y proporciones destaca la elegancia y la belleza de las líneas limpias y suaves que caracterizan la pata y toda la superficie del tablero del escritorio donde la esencia de la madera, combinada con el cuero, cosido con gran delicadeza y precisión, es un ejemplo de fabricación de excelencia.','•	Combinación entre madera y piel. \r\n•	Disponible en combinaciones distintas de armado.','Sin medidas.','Madera y piel','Nogal americano y ebano y piel negra.','products/x10.webp','2021-09-22 17:34:46.959896','2021-10-21','','',''),(56,'RE-1361','Requiez','Sillón ejecutivo quadra respaldo alto y medio mesh, mecanismo multimodal, asiento acojinado con diseño ergonómico,descansabrazos 2D ajuste vertical y frontal, base de aluminio pulido. Cuerpo en polipropileno color gris.','•	Multimodal, elaborado con placa de acero cal. 10.\r\n•	Elevación neumática\r\n•	Ajuste independiente de ángulo asiento/respaldo.\r\n•	Reclinamiento mecánico del respaldo (Contacto permanente)\r\n•	Ajuste de respaldo por sistema lama.','•	Altura Piso-Asiento: 44 – 55 cm.\r\n•	Altura Fondo: 60 cm -64 cm.\r\n•	Altura Frente: 60 cm -64 cm.\r\n•	Altura Total: 116 – 120 cm.','Base de aluminio pulido de 5 puntas.\r\nRespado en mesh de poliester.\r\nAsiento de poliuretano inyectado de 53\r\nkg/m3.','Consulta carta de tapices','products/RE-1361-Azul.jpg','2021-09-22 21:45:54.264224','2021-10-01','products/RE-1361-Azul-Frontal.jpg','products/RE-1361-Verde.jpg','products/RE-1361-Verde-Frontal.jpg'),(57,'RE-1601','Requiez','Sillón Ejecutivo en mesh / tela respaldo medio reclinamiento synchro auto-pesante con 3 ángulos de reclinamiento, profundidad de asiento slíder, descansabra-zos fijo, rodamientos duales con cubierta de poliuretano, asiento ergonómico acojina-do de alta densidad con retardante al fuego y elevación neumática.','•	Reclinamiento Synchro autopesante con 3 ángulos de reclinamiento.\r\n•	Regulador de tensión.\r\n•	Profundidad de asiento Slider con Mecanismo elaborado con placa de acero cal.10                         \r\n•	Respaldo medio en mesh con reclinamiento.                                                                                                \r\n•	Elevación neumática.','•	Altura Fondo: 58.5 - 59.5 cm.\r\n•	Altura Frente: 65 cm.\r\n•	Altura Total: 107 – 106 cm.','De 5 puntas elaborada en nylon reforzado, con cinturón de acero.\r\nBrazos fijos de polipropileno.\r\nAsiento tapizado en telas opcionales.\r\nPoliuretano inyectado de alta densidad.','Consulta carta de tapices','products/RE-1601-AZ---TRES-CUARTOS.jpg','2021-09-22 21:47:04.298234','2021-10-01','products/RE-1601-AZ---FRENTE.jpg','products/RE-1601-AZ---PERFIL.jpg',''),(58,'RE-1600','Requiez','Sillón ejecutivo en mesh/tela con o sin cabecera, reclinamiento de rodilla conregulador de tensión, 3 ángulos de reclinamiento con bloqueo, maneral para regular la tensión y sistema antishock, soporte lumbar ajustable, profundidad de asiento slider, cabecera ajustable, descansa brazos ajustables 3D, asiento ergonómico con acojina-miento de poliuretano inyectado de alta densidad con retardante al fuego. Rodamien-tos duales de naylon recubiertas de poliuretano suave para piso duros.','•	Reclinamiento de rodilla con regulador de tensión.\r\n•	3 posiciones de bloqueo y sistema antishock\r\n•	Asiento slider.\r\n•	Elevación neumática.\r\n•	Cabecera tapizada.\r\n•	Descansa brazos 3D ajustables en altura, giratorios y codera deslizable de poliuretano\r\n•	Respaldo ergonómico con soporte lumbar ajustable.','Altura Fondo: 59.5 cm.\r\n•	Altura Frente: 70 cm -64 cm.\r\n•	Altura Total: 120.5 – 129.5 cm.','De 5 puntas elaborada en nylon reforzado, con cinturón de acero.\r\nBrazos de polipropileno.\r\nAsiento tapizado en telas opcionales.\r\nPoliuretano inyectado de alta densidad.\r\nMecanismo elaborado con placa de acero cal.10','Consulta carta de tapices','products/RE-1600-NG---FRENTE.jpg','2021-09-22 21:48:58.709587','2021-10-01','products/RE-1600GR---PERFIL.jpg','products/RE-1600GR---FRENTE.jpg','products/RE-1600GR---ESPALDA.jpg'),(59,'RS-680','Requiez','Silla operativa quadra respaldo en mesh marco estructural color gris con descansa brazos fijos','•	Ajuste de altura de respaldo por medio de sistema lama.\r\n•	Asiento y Respaldo ergonómicamente diseñados para máximo confort con acojinamiento en el asiento de poliuretano inyectado de 53 kg/m3 de densidad con retardante de flama.\r\n•	Accesorios compatibles:\r\n•	RA-09 juego de brazos.\r\n•	RA-40/RA-45 descansa pies.\r\n•	RA-88 kit de rodajas para piso delicado.\r\n•	RA-90 kit de regaetones.','•	Altura Piso-Asiento: 47 – 60 cm.\r\n•	Altura Fondo: 60 cm.\r\n•	Altura Frente: 48 cm.\r\n•	Altura Total: 96 – 106 cm.','Poliuretano y tapiz de telas','Consulta carta de tapices','products/RS-680-N.jpg','2021-09-23 00:29:50.494736','2021-10-12','products/RS-680-NN.jpg','products/RS-680NN-09.jpg','products/RS-680-VD.jpg'),(60,'RS-1101','Requiez','Sillón operativo con asiento y respaldo con acojinamiento moldeado, sistema de reclinamiento libre auto pesante con dos ángulos predeterminados. Descansa brazos fijos y rodamientos duales huecos de poliuretano suave para piso duros.','•	Reclinamiento autopesante con dos posiciones libres de ángulo para respaldo y bloqueo en una posición.\r\n•	Respaldo medio con reclinamiento.\r\n•	Elevación neumática.','•	Altura total: 89 - 98cm.\r\n•	Piso – asiento: 38.5 - 49.5 cm.\r\n•	Perfil: 52.7 cm.\r\n•	Ancho base: 63 cm.','De 5 puntas elaborada en nylon\r\nreforzado con cinturón de acero.\r\nBrazos fijos de polipropileno.\r\nAsiento tapizado en telas opcionales.\r\nPoliuretano inyectado de alta densidad\r\nde 55 kg/m3.','Consulta carta de tapices','products/RE-1101---TRES-CUARTOS.jpg','2021-09-23 01:11:32.504495','2021-10-15','','',''),(61,'RS-1200','Requiez','Sillon Gerencial con cabecera, mecanismo synchro con regulador de tension y bloqueo del mismo, acojinamiento de asiento y respaldo con diseño ergonomico, descansa brazos ajustables con codera de poliuretano.','Mecanismo elaborado con placa de acero Cal.10. \r\n•	Ajuste de profundidad de respaldo. \r\n•	Cabecera ajustable. \r\n•	Descansa brazos en poliuretano ajustables. \r\n•	Acojinamiento en poliuretano inyectado de 53 kg/ m³ de densidad y retardante al fuego.','•	Altura total: 114  - 124 cm.\r\n•	Piso – asiento: 58 - 68 cm.\r\n•	Perfil: 60 cm.\r\n•	Ancho base: 62 - 57 cm.','Poliuretano y tapiz de telas','consulta carta de tapices','products/RE-1200-tres-cuartos.jpg','2021-09-23 01:14:42.994105','2021-10-15','products/RE-1200-Frontal.jpg','',''),(62,'RE-1750','Requiez','Sillón retro respaldo alto y medio, sistema de reclinamiento con posiciones de bloqueo y perilla para regular la tensión, asiento y respaldo en una sola pieza ergonómico, descansabrazos y base en aluminio pulido.','•	Knee-tilt con cuatro posiciones de bloqueo.\r\n•	Perilla para regular la tensión del reclinamiento.\r\n•	Elevación neumática','•	Altura total: 120  - 127 cm.\r\n•	Piso – asiento: 42 - 52 cm.\r\n•	Perfil: 63 cm.\r\n•	Ancho base: 55 cm.','Base de aluminio pulido de 5 puntas.\r\nAsiento y respaldo en una sola pieza con diseño ergonómico tapizado en ecoleather.                                           Descansabrazos fijos aluminio.','Negro, blanco y café','products/RE-1750N-Tres-cuartos.jpg','2021-09-23 01:16:12.385950','2021-10-01','products/RE-1750-frontal.jpg','',''),(63,'RE-3030','Requiez','Sillón con respaldo alto con mesh gris o negra, ajuste de altura y sistema de reclinamiento libre y bloqueo, brazos fijos de poliamida y base de 5 puntas en aluminio terminado en pintura electroestática negra. Rodamientos duales huecos de poliuretano suave para piso duros.','•	Sistema libre de reclinamiento de 7° a 10°.\r\n•	Mecanismo con ajuste de altura.                                                                                                                      \r\n•	Brazos fijos de poliamida.                                                                                                                                      \r\n•	Rodaja dual hueca.','•	Altura total: 107  - 119 cm.\r\n•	Piso – asiento: 41 - 53 cm.\r\n•	Perfil: 71 cm.\r\n•	Ancho base: 71 cm.','Asiento y respaldo en una sola pieza con marco estructuran de poliamida negro.\r\nTapizado en mesh termoretractil Blanco / Gris','Gris y Negro','products/RAIL-3030GR---TRES-CUARTOS.jpg','2021-09-23 01:17:17.719371','2021-10-01','products/RAIL-3030GR---PERFIL.jpg','products/RAIL-3030GR---ESPALDA.jpg',''),(64,'Lives work','Okamura','Las sillas con respaldo alto de oficina de hoy demandan más que funcionalidad. Los espacios relajados de estilo residencial crean entornos de trabajo donde los trabajadores se expresan y prosperan. Las sillas Lives brindan un aspecto informal a la oficina y están equipadas con las características más avanzadas que los empleados esperan.','• Silla de trabajo Lives,\r\n• Diseñada para caber en un café o en su sala de estar, la silla de trabajo está equipada con elementos esenciales para mantener una postura cómoda.','Ancho respaldo: 33.7 cm.\r\n• Bazo derecho-izquierdo: 58.2 cm.\r\n• Ancho asiento: 52.1 cm.\r\n• Altura piso-brazo: 42.8 cm – 52.8 cm.\r\n• Altura piso-asiento: 44.1 cm – 55.1 cm.\r\n• Altura piso-brazo:62.3 cm – 72.3 cm.\r\n• Perfil: 64.2 cm.\r\n• Perfil escoca: 56 cm.\r\n• Largo asiento: 43 cm.\r\n• Altura total: 95.6 cm – 105.6 cm.','Tela','Sage o gris.','products/liveswork-1f.jpg','2021-09-23 01:18:42.578230','2021-10-21','products/liveswork-1v.jpg','products/liveswork-2f.jpg','products/liveswork-2v.jpg'),(65,'Runa silla','Okamura','Diseño simple que incorpora las necesidades funcionales de un entorno de oficina versátil. \"Runa\" ofrece una completa colección de asientos con una amplia variedad de colores y acabados. Cuando necesitas libertad para pensar creativamente y deseas esas grandes ideas, \"Runa\" te da esa libertad y apoyo para tener éxito.','• Confort Back Shell Shell\r\n• Rejilla con respaldo estructurado. El respaldo estructurado de hendidura flexible te ayuda a relajarte con estilo.\r\n• Cojín de asiento multi-densidad.\r\n• Asiento perforado\r\n• Paso de anidamiento horizontal de 125 mm (5 pulgadas) (solo modelo de anidamiento)\r\n• Ruedas de nylon (50 mm de diámetro)\r\n• Concha atrás\r\n• Almohadilla trasera opcional\r\n• Asiento de tela.\r\n• Marco plateado metalico / blanco neo\r\n• Apoyabrazos fijos\r\n• Cesto de almacenaje disponible para taburete de nido.\r\n• 6 colores de concha','•	Ancho respaldo: 46 cm.\r\n•	Bazo derecho-izquierdo: 56.5 cm.\r\n•	Ancho asiento: 45 cm.\r\n•	Altura piso-brazo: 71 cm – 81 cm.\r\n•	Altura piso-asiento: 43 cm – 53 cm.\r\n•	Diámetro base: 64 cm. \r\n•	Perfil escoca: 50 cm.\r\n•	Largo asiento: 45 cm.\r\n•	Altura total: 81 cm – 90 cm.','Tela','Gris medio','products/runa-1f.jpg','2021-09-23 01:19:44.701334','2021-10-12','products/runa-1v.jpg','products/runa-2f.jpg','products/runa-2v.jpg'),(66,'Cynara','Okamura','Experimente la ligereza imposible y el apoyo cómodo de Cynara, una silla operativa que integra una funcionalidad intuitiva y receptiva con una estética refinada y limpia para completar cualquier entorno de trabajo.','•	Altura del asiento regulable\r\n•	Inclinación inteligente del tobillo reclinable.\r\n•	Arco japonés que extrae energía de su forma basando su fuerza y flexibilidad.\r\n•	Rueda blanda (hueca)\r\n•	Brazos fijos','• Ancho respaldo: 43 cm\r\n• Bazo derecho-izquierdo: 62.6 cm.\r\n• Ancho asiento: 49.2 cm\r\n• Altura piso-brazo: 61.6cm – 72.6 cm.\r\n• Altura piso-asiento: 43.7 cm – 54.7 cm.\r\n• Diámetro base: 69.7 cm.\r\n• Perfil escoca: 50.5 cm.\r\n• Largo asiento: 40.6 cm.\r\n• Altura total: 92.7 cm – 103.7 cm.','Mesh','•	Negro- marco negro\r\n•	Blanco- marco blanco\r\n•	Gris oscuro- marco gris oscuro\r\n•	Sage- marco sage\r\n•	Verde oscuro- marco verde oscuro\r\n•	Rojo naranja- marco rojo naranja','products/Cynara_02.png','2021-09-23 01:20:48.533648','2021-10-15','products/Cynara_01.png','products/Cynara_03.png','products/Cynara_04.png'),(67,'Finora','Okamura','Finora fue diseñado para encapsular la belleza con una delgadez y ligereza aerodinámicas.\r\nAl aplicar la filosofía de diseño que es distintiva de la industria automotriz, Finora brinda al trabajador moderno un alto nivel de funcionalidad para el máximo nivel de comodidad en una silla de oficina sin sacrificar el diseño estético.\r\nFácilmente adaptable a una multitud de entornos, Finora, incluido el color de la tapicería y el marco, se puede personalizar para adaptarse a una variedad de lugares de trabajo y estilos de trabajo.','• Altura del asiento regulable\r\n• Profundidad del asiento ajustable\r\n• Inclinación del tobillo reclinable\r\n• Palanca de operación inteligente\r\n• Marco flexible.\r\n• Colores del marco del cuerpo y la decoración\r\nNegro y blanco\r\n• Tipos de asiento mesh\r\n• Tipos de apoyabrazos\r\n• Brazos ajustables.\r\n• Altura de la espalda alto.','• Ancho respaldo: 48 cm.\r\n• Ancho asiento: 51.5 cm.\r\n• Bazo derecho-izquierdo: 69 cm - 74 cm.. \r\n• Altura piso-brazo: 62.1 cm – 83.1 cm. \r\n• Altura piso-asiento: 44.1 cm – 55.1 cm. \r\n• Diámetro base: 68.5cm. \r\n• Perfil escoca: 59.5 cm - 67 cm. \r\n• Largo asiento: 4º cm – 45 cm. \r\n• Altura total: 99.1 cm – 110.1 cm.','Mesh','•	Negro- marco negro\r\n•	Gris medio- marco blanco','products/finora-2f.jpg','2021-09-23 01:22:01.150819','2021-10-12','products/finora-2v.jpg','products/finora-1f.jpg','products/finora-1v.jpg'),(68,'RS-500','Requiez','Silla de trabajo con ajuste de altura y profundidad de respaldo, diseño ergonómico, descansa brazos fijos o ajustables compatibles.','•	Básico.\r\n•	Placa de acero cal. 10.                                                                                                                                         \r\n•	Ajuste de altura neumática\r\n•	Asiento y respaldo ergonómicos, acojinamiento en poliuretano *Accesorio Opcional\r\n•	Asiento retardante al fuego\r\n•	Ajuste de altura y profundidad de respaldo.','•	Altura total: 81  - 103 cm.\r\n•	Piso – asiento: 45 - 57 cm.\r\n•	Perfil: 56 - 59 cm.\r\n•	Ancho base: 50 cm.','Base De 5 puntas, elaborada en nylon con cinturon de acero.\r\nDescansa brazos opcional*\r\nAsiento de poliuretano inyectado de 53 kg/m3.','Consulta carta de tapices','products/RS-500-Tres-cuartos.jpg','2021-09-25 18:37:11.565440','2021-10-12','products/RS-500-Frontal.jpg','products/RS-500-frotnal-roja.jpg',''),(69,'RS-460','Requiez','Silla de trabajo con ajuste de altura y profundidad de respaldo, diseño ergonómico, descansa brazos fijos o ajustables compatibles.','•	Básico.\r\n•	Placa de acero cal. 10.                                                                                                                                         \r\n•	Ajuste de altura neumática\r\n•	Asiento y respaldo ergonómicos, acojinamiento en poliuretano *Accesorio Opcional\r\n•	Asiento retardante al fuego\r\n•	Ajuste de altura y profundidad de respaldo.','•	Altura total: 87  - 102 cm.\r\n•	Piso – asiento: 43 - 52 cm.\r\n•	Perfil: 50 cm.\r\n•	Ancho base: 57-60 cm.','Base De 5 puntas, elaborada en nylon con cinturon de acero.\r\nDescansa brazos opcional*\r\nAsiento de poliuretano inyectado de 53 kg/m3.','Consulta carta de tapices','products/RS-460-FRONTAL_x6iTcZl.jpg','2021-09-25 18:38:50.144154','2021-10-15','products/RS-460-TRES-CUARTOS_Oi0FpRd.jpg','',''),(70,'RS-490','Requiez','Silla de trabajo respaldo en mesh ergonómico, ajustable en altura por medio de sistema de cremallera gradual, asiento con ajuste de profundidad, descansa brazos fijos o ajustables compatibles','•	Básico.\r\n•	Placa de acero cal. 10.                                                                                                                                         \r\n•	Ajuste de altura neumática\r\n•	Asiento y respaldo ergonómicos, acojinamiento en poliuretano *Accesorio Opcional\r\n•	Asiento retardante al fuego\r\n•	Ajuste de altura y profundidad de respaldo','•	Altura total: 111  - 128 cm.\r\n•	Piso – asiento: 42 - 56 cm.\r\n•	Perfil: 61 cm.\r\n•	Ancho base: 47 cm.','Base De 5 puntas, elaborada en nylon con cinturon de acero.\r\nDescansa brazos opcional*\r\nAsiento de poliuretano inyectado de 53 kg/m3.','Consulta carta de tapices','products/RS-490FRONTAL.jpg','2021-09-25 18:44:53.274577','2021-10-15','products/RS-490FRONTAL-TRES-CUARTOS.jpg','products/RS-490N-Frontal.jpg',''),(71,'KLC re-720','Requiez','Pupitre giratorio con elevación neumática, asiento y respaldo en una sola pieza de polipropileno y fibra de vidrio con diseño ergonómico, base de 5 puntas de aluminio pintado, tableta de escritura giratoria 180°, accesorio porta iPad.','•	Asiento y respaldo en una sola pieza, con diseño ergonómico fabricado en polipropileno de alta resistencia.\r\n•	Mecanismo básico elaborado en placa de acero.                                                                                           \r\n•	Paleta giratoria 180º fabricada en sólido fenólico con ranura porta lápiz.\r\n•	Charola porta tablet.','•	Altura total: 75.5 cm.\r\n•	Piso – asiento: 40.2 cm.\r\n•	Perfil: 62.5 cm.\r\n•	Ancho base: 64.3 cm.','Base de 5 puntas elaborada en aluminio\r\nterminada en color gris.','Blanco, amarillo, aqua, naranja, azul cielo, gris perla, antracita.','products/KLC-720-ANTRACITA-Tres-cuartos.jpg','2021-09-25 18:48:01.096898','2021-10-01','products/KLC-720-ANTRACITA-FRONTAL.jpg','products/KLC-720-naranja-Tres-cuartos.jpg',''),(72,'RM-9026','Requiez','Pupitre skate training con estructura en polipropileno de alto impacto, base circular como espacio de guarda, rodamientos con recubrimiento de poliuretano, respaldo y asiento con diseño ergonómico en mesh de nylon con soporte lumbar, tableta de escritura multi-posicional.','Asiento ergonómico, marco estructural de polipropileno de alto, impacto con asiento y\r\nrespaldo tapizado en Mesh.                                                                                                                               Paleta multiposicional, giratoria.\r\nBase porta libros.\r\nSoporte lumbar independiente y ajustable.','•	Altura total: 93 cm.\r\n•	Piso – asiento: 43 cm.\r\n•	Perfil: 81 cm.\r\n•	Ancho base: 64 cm.','Estructural de polipropileno de alto impacto color negro con diseño circular y rodajas duales de nylon.','Negro','products/RM-9026-isometrica.jpg','2021-09-25 18:49:37.054556','2021-10-12','products/RM-9026_Frontal.jpg','',''),(73,'Risefit','Okamura','Risefit es una mesa de trabajo complementaria versátil que se puede utilizar en cualquier parte de la oficina, el vestíbulo o el salón de su empresa. Su altura se puede reajustar continuamente para satisfacer las necesidades de cualquier usuario en particular en cualquier momento, ya sea sentado o de pie. Esto se logra mediante la operación directa del brazo flexible y el interruptor de presión hidráulica de Risefit.','•	Ajuste de altura suave utilizando su brazo flexible y su interruptor de presión hidráulica.\r\n•	Mesa fácil de usar con ruedas para movilidad.\r\n•	Apto para una amplia gama de usos.\r\n•	Rango de ajuste de altura: 665 mm a 1,000 mm (26 1/8 \"- 39 3/8\").\r\n•	Palanca fácil de usar para ajuste de altura.','Forma bean:\r\n• Ancho de paleta:  45 cm.\r\n• Ancho de paleta con credenza: 64.1 cm.\r\n• Largo paleta: 72 cm. .\r\n• Altura total 100 cm.\r\n• Altura sin extensión: 66.5 cm.\r\n• Largo base: 73.5 cm.\r\n• Altura total: 130.5 cm – 136.5 cm.\r\n\r\nForma square:\r\n• Ancho de paleta:  45 cm.\r\n• Ancho de paleta con credenza: 64.1 cm.\r\n• Largo paleta: 72 cm. .\r\n• Altura total 100 cm.\r\n• Altura sin extensión: 66.5 cm.\r\n• Largo base: 73.5 cm.\r\n• Altura total: 130.5 cm – 136.5 cm.\r\n\r\nForma oval:\r\n• Ancho respaldo: 50 cm.\r\n• Bazo derecho-izquierdo: 62.6 cm. .\r\n• Altura piso-brazo: 70.5 cm – 76.5 cm.\r\n• Altura piso-asiento: 44 cm – 50 cm.\r\n• Diámetro base: 77.7 cm.\r\n• Perfil escoca: 56 cm.\r\n• Largo asiento: 51 cm.\r\n• Altura total: 130.5 cm – 136.5 cm.','Laminado de madera','blanco, natural, oscura y medio','products/risefit-1.jpg','2021-09-25 18:53:10.748493','2021-10-12','products/risefit-2.jpg','products/risefit-3.jpg',''),(74,'Lives Lounge','Okamura','Las sillas de oficina de hoy demandan más que funcionalidad. Los espacios relajados de estilo residencial crean entornos de trabajo donde los trabajadores se expresan y prosperan. Las sillas Lives brindan un aspecto informal a la oficina y están equipadas con las características más avanzadas que los empleados esperan.','• Lives Work Lounge Chair\r\n• La silla lounge no es solo para relajarse. Está diseñado para mantener la parte inferior del cuerpo relajada mientras mantiene la columna vertebral y el cuello erguidos para una postura ideal para el trabajo.','• Ancho respaldo: 70.5 cm.\r\n• Bazo derecho-izquierdo: 76 cm.\r\n• Ancho asiento: 57 cm.\r\n• Altura piso-brazo: 62.8 cm.\r\n• Altura piso-asiento: 42.8 cm.\r\n• Diámetro base: 60 cm.\r\n• Perfil escoca: 69 cm.\r\n• Largo asiento: 49 cm.\r\n• Perfil con paleta: 80 cm.\r\n• Largo paleta: 49 cm.\r\n• Altura total: 125.8 cm.','Tela','Sage o Gris.','products/lives-1f.jpg','2021-09-25 18:54:23.570090','2021-10-12','products/lives-1v.jpg','products/lives-2f.jpg','products/lives-2v.jpg'),(75,'Leopard','Okamura','estar completamente diseñadas para la estética. Irónicamente, es el diseño innovador que realza la comodidad emulando el toque humano. Mientras te sientas, Leopard te abraza mientras la inclinación del asiento suavemente nivela para una transición sin fisuras en la silla. Para mayor comodidad, el respaldo de malla suspendida lo coloca en una inclinación de hasta 27 °.','• Base de anillo / base de 5 estrellas (con deslizadores)\r\n• Espalda media / alta\r\n• Cuerpo Negro / Blanco\r\n• Tapicería de tela / cuero','•Ancho respaldo: 44 cm.\r\n• Bazo derecho-izquierdo: 66.5 cm. .\r\n• Altura piso-brazo: 70.5 cm – 76.5 cm.\r\n• Altura piso-asiento: 44 cm – 50 cm.\r\n• Diámetro base: 77.7 cm.\r\n• Perfil escoca: 56 cm.\r\n• Largo asiento: 51 cm.\r\n• Altura total: 130.5 cm – 136.5 cm.','Mesh y piel.','Negro, beige.','products/leopard-2.jpg','2021-09-25 18:55:38.935067','2021-10-12','products/leopard-1.jpg','products/leopard-3.jpg',''),(76,'Brek','Labenze','Sillón con estructura interna en acero recubierto en poliurentano inyectado y tapizado. Consultar carta de tapices. compatible con las siguientes bases: Base L3 Natural/Wenghé/Nogal, Base R3 cromo, Base R3 Negro, Base R3 Blanco, Base P3 cromo, Base P3 Negro, ,Base P3 Blanco, Base R10 aluminio, Base R10 Negro, L17  Natural/Wenghé/Nogal, Base D1 acero inóxidable, Base S5 Negro, ,Base S5 Blanco,  Base S5 cromo,Base R16 aluminio negro, Base R16 aluminio blanco, Base P4 cromo, Base P4 Negro, Base P4 Blanco.','•	Para uso Interno.\r\n•	Disponible en variedad de bases.                                                                                                                       •	Consulta carta de tapices para selección del color.','•	Altura total: 83 cm.\r\n•	Piso – asiento: 46 cm.\r\n•	Perfil: 60 cm.\r\n•	Ancho base: 61 cm.','Poliuretano inyectado.','Consultar carta de tapices.','products/brek-1.jpg','2021-09-25 18:56:43.386474','2021-10-12','products/brek-2.jpg','products/brek-3.jpg','products/brek-5.jpg'),(77,'Kira','Labenze','Sillón de 1 plaza cuerpo en poliuretano inyectado y tapizado.\r\nCompatible con las siguientes bases: Base L3 Natural/Wenghé/Nogal, Base L17 Natural/Wenghé/Nogal, Base R3 Cromo, Base R3 Negro, Base R3 Blanco, Base L3, Base P3 Cromo, Base P3 Negro, Base P3  Blanco, Base R10 aluminio, Base R10 negro, Base R10 aluminio, Base D1 acero inóxidable, Base S5 negro, Base S5 cromo, Base S5 blanco,  Base R16 aluminio negro,  Base R16 aluminio blanco, Base P4 Cromo, Base P4 Negro, Base P4  Blanco.','•	Para uso Interno.\r\n•	Disponible en variedad de bases.                                                                                                                       •	Consulta carta de tapices para selección del color.','•	Altura total: 81 cm.\r\n•	Piso – asiento: 44 cm.\r\n•	Perfil: 59 cm.\r\n•	Ancho base: 63 cm.','Poliuretano inyectado.','Consultar carta de tapices.','products/kira-1.jpg','2021-09-25 18:58:31.499408','2021-10-12','products/kira-5.jpg','products/kira-7.jpg','products/kira-8.jpg'),(78,'Mesa landing','Okamura','LANDING ES LA SÍNTESIS COMPOSITIVA ENTRE LIGEREZA Y SOLIDEZ. LA HORIZONTALIDAD DE LA PARTE SUPERIOR DESCANSA EN LA PUNTA DE LA BASE PIRAMIDAL, EN UN EQUILIBRIO MÁGICO QUE LA CONVIERTE EN UNA PIEZA ÚNICA EN SU TIPO. LANDING ES UNA MESA CON LÍNEAS ESENCIALES, QUE HACE DE LA PUREZA Y LA SIMPLICIDAD LAS CARACTERÍSTICAS DISTINTIVAS DE UN DISEÑO ARQUETÍPICO Y ATEMPORAL. LA PRESENCIA ESCULTÓRICA Y EL AMPLIO ESPACIO LIBRE DEBAJO DE LA MESA LO CONVIERTEN EN UNA PIEZA ÚNICA TANTO EN EL HOGAR COMO EN ESPACIOS REPRESENTATIVOS, ADEMÁS DE SER IDEAL EN SALAS DE REUNIONES.','•	Para uso Interno.\r\n•	Elegancia y diseño.','•	Altura total: 75 cm.\r\n•	Cubierta: 120 cm x 250 cm o 120 cm x 300 cm','Consulte para más información.','Negro','products/Landing-a.jpg','2021-09-25 19:00:19.366561','2021-10-18','products/Landing-b.jpg','',''),(79,'Contessa','Okamura','Desde 2002, Contessa ha establecido el estándar para los asientos de oficinas en todo el mundo. Ahora, ella renace como Contessa Seconda. Contessa Seconda une las líneas fluidas y orgánicas y el encanto del original con una nueva ingeniería y funcionalidad. Con más opciones de color para la malla, tela y marco. Todo para satisfacer las exigencias del estilo de trabajo moderno. Contessa Seconda es la evolución de un ícono, para el lugar de trabajo de hoy y del mañana.','•	Diseñado para oficinas modernas.\r\n•	Construido con nuevos estándares de resistencia, para cumplir con los requisitos de las sillas de trabajo de hoy.\r\n•	Comodidad personal.\r\n•	Okamura aprovecha su tecnología de renombre mundial para la comodidad y un ajuste excelente para cada cuerpo.\r\n•	Nuevos colores y opciones de marcos.\r\n•	Disponible en una paleta emocionante, líder en la industria, pero refinada. También está disponible una opción de marco blanco.\r\n•	Gama ampliada para cualquier espacio La gama completa de Contessa Seconda se adapta a salas de conferencias, áreas de reuniones, retoques y aplicaciones de tareas.\r\n•	Opciones de estilo.\r\n•	Silla giratoria de 5 estrellas / Taburete alto / Devolución automática / Reunión de 4 estrellas.\r\n•	Marco: Pulido / Plata / Negro.\r\n•	Color de cuerpo: Blanco / Gris / Negro Apoyabrazos: brazos ajustables / brazos fijos.\r\n•	Asiento: Cojín / Malla','Todos los accesorios:\r\n• Ancho respaldo: 50.2\r\n• Bazo derecho-izquierdo: 65 cm – 70.2 cm. .\r\n• Ancho asiento: 52 cm.\r\n• Altura piso-brazo: 61.5cm – 84.2 cm.\r\n• Altura piso-asiento: 43.4 cm – 54.4 cm.\r\n• Altura piso-brazo:62.3 cm – 72.3 cm.\r\n• Diámetro base: 70 cm.\r\n• Perfil escoca con porta sacos: 58.5 -63.5 cm.\r\n• Largo asiento: 40 cm – 45 cm.\r\n• Altura total: 119.9 cm – 132.9 cm.\r\n\r\nSin cabecera:\r\n• Ancho respaldo: 50.2\r\n• Bazo derecho-izquierdo: 65 cm – 70.2 cm. .\r\n• Ancho asiento: 52 cm.\r\n• Altura piso-brazo: 61.5cm – 84.2 cm.\r\n• Altura piso-asiento: 43.4 cm – 54.4 cm.\r\n• Altura piso-brazo:62.3 cm – 72.3 cm.\r\n• Diámetro base: 70 cm.\r\n• Perfil escoca: 58.5 -63.5 cm.\r\n• Largo asiento: 40 cm – 45 cm.\r\n• Altura total: 100.5 cm – 113.2 cm.','Mesh y piel','Negro y gris claro','products/contessa-1f.jpg','2021-09-25 19:01:52.966775','2021-10-12','products/contessa-2f.jpg','products/contessa-3.jpg','products/contessa-5.jpg'),(80,'Sylphy','Okamura','Okamura entiende que las personas son diferentes. Para acomodar diferentes tipos de cuerpos, desarrollamos una curva de asiento única y fácilmente ajustable que soporta una amplia gama de tamaños de espalda. El ajuste de la curva posterior ayuda a Sylphy a lograr una comodidad de asiento personalizada para toda la oficina.','• El Ajuste de la Curva Trasera equipa a Sylphy para acomodar cualquier tipo de cuerpo. Al tirar de las palancas a ambos lados del respaldo del asiento, la curva se vuelve más suave para ajustarse a una construcción grande. Tirando de las palancas hacia arriba crea una curva estrecha para apoyar una figura más pequeña.\r\n• El Marco Hovering tiene una ligera flexión, permitiendo al usuario estirarse y moverse mientras mantiene una sana curva S de la columna vertebral.\r\n• El cojín de asiento multidensidad distribuye el peso corporal uniformemente para reducir los puntos de presión y mejora la circulación sanguínea para una sesión sana y una comodidad superior.\r\n• La perilla Quick and Easy Recline Adjustment le permite controlar con precisión la resistencia reclinable. La fuerza de la resistencia se puede ajustar de la tensión máxima a la mínima con sólo dos giros completos de la perilla de ajuste-siempre con reclinación sincronizada de tobillo-inclinación.\r\n• El dial Recline y Tilt Lock le permite bloquear Sylphy en reclinación de hasta 23 ° o inclinación hacia adelante de 10 °.\r\n• Opciones de estilo\r\n• Parte trasera alta / espalda alta / espalda baja\r\n• Malla elástica de espalda / Tapicería\r\n• La malla y la tela están disponibles en 12 variaciones del color.\r\n• Opción de personalización\r\n• Apoyabrazos: Ajustable / Fijo / Sin Armadura\r\n• Base de aluminio pulido o base de resina negra\r\n• Color del cuerpo: Negro o blanco\r\n• Extras opcionales\r\n• Reposacabezas (Fijo)\r\n• Perchero','Respaldo Alto:\r\n•	Ancho respaldo: 51.5cm.\r\n•	Bazo derecho-izquierdo: 64.8 cm.\r\n•	Ancho asiento: 46 cm.\r\n•	Altura piso-brazo: 58cm – 81 cm.\r\n•	Altura piso-asiento: 42.6 cm – 55.6 cm.\r\n•	Diámetro base: 70 cm. • Perfil escoca: 57.4 -62.4 cm.\r\n•	Largo asiento: 41 cm – 46 cm.\r\n•	Altura total: 96 cm – 109 cm.\r\n\r\nRespaldo Bajo:\r\n• Ancho respaldo: 51.5cm.\r\n• Bazo derecho-izquierdo: 64.8 cm. .\r\n• Ancho asiento: 46 cm.\r\n• Altura piso-brazo: 58cm – 81 cm.\r\n• Altura piso-asiento: 42.6 cm – 55.6 cm.\r\n• Diámetro base: 70 cm.\r\n• Perfil escoca: 57.4 -62.4 cm.\r\n• Largo asiento: 41 cm – 46 cm.\r\n• Altura total: 89 cm – 102 cm.','Tela y mesh','Negro, gris claro, azul aqua.','products/sylphy-1fb.jpg','2021-09-25 19:06:32.848537','2021-10-12','products/sylphy-1f.jpg','products/sylphy-3fb.jpg','products/sylphy-3f.jpg'),(81,'Plimode','Okamura','Plimode es como un traje hecho a medida por un maestro artesano-la atención se centra en cada puntada, cada detalle, cada ajuste y cada acabado. No sólo encaja tan cómodamente como adaptado a medida de ajuste, el paño en el respaldo y el asiento se han aplicado minuciosamente para asegurarse de que no hay lagunas, divisiones o pliegues. Es una obra de ingeniería de 70 años en la fabricación de la oficina con cada poco de la artesanía y el diseño de la casa de Okamura tiene para ofrecer. Cada pedacito de la tecnología en nuestra disposición ha ido en el diseño y la comodidad de Plimode. Nuestras avanzadas técnicas de moldeo de resina han producido apoyabrazos con una curva moderna y aerodinámica. El mecanismo reclinable se ha simplificado en un diseño limpio, moderno, minimalista. Bajo el asiento, encontrará un grupo de control compacto. Tecnología e ingenio entretejidos en una calidad sin precedentes.','•	Construcción de Malla Interior\r\n•	Esta construcción ofrece la comodidad superior y la transpirabilidad que normalmente no se espera de una silla de conferencia. La estructura interna de la malla hace que el respaldo sea casi imposiblemente delgado.\r\n•	Funcionamiento inteligente de la diapositiva\r\n•	Consolidamos los controles en un grupo simple debajo del asiento; Todo es accesible desde una posición natural sentado. La tensión de reclinación se controla con una simple palanca deslizante.\r\n•	Cojín de asiento multidensidad\r\n•	El asiento distribuye el peso corporal uniformemente para reducir los puntos de presión y mejora la circulación sanguínea para una sesión sana y una comodidad superior.\r\n•	Opciones de estilo\r\n•	Espalda alta / espalda media\r\n•	Base de piernas de cinco estrellas / Base de piernas de cuatro estrellas / Taburete alto\r\n•	Estructura: Aluminio / Plástico\r\n•	Color de la carrocería: Negro / Blanco\r\n•	Brazos: Alminio / Plástico / Sin Brazo','• Ancho respaldo: 43 cm\r\n• Bazo derecho-izquierdo: 49 cm. .\r\n• Altura piso-brazo: 61.5cm – 84.2 cm.\r\n• Altura piso-asiento: 44 cm – 55 cm.\r\n• Altura piso-brazo:64 cm – 75 cm.\r\n• Diámetro base: 69.6cm.\r\n• Perfil escoca: 57.7 cm.\r\n• Largo asiento: 42.5 cm.\r\n• Altura total: 93 cm – 104 cm.','Tela','Gris claro- marco blanco\r\nSage- marco blanco\r\nNegro- marco negro.\r\nGris oscuro- marco negro.','products/plimode-1f.jpg','2021-09-25 19:07:31.688308','2021-10-12','products/plimode-1v.jpg','products/plimode-2f.jpg','products/plimode-2v.jpg'),(82,'RE-7000','Requiez','Sillón ejecutivo dynamic con cabecera Dynamic (mesh – tela) sistema reclinamiento synchronico con 4 posiciones con maneral para regular la tensión y antishock, ajuste de profundidad de asiento. Descansabrazos con ajuste de altura y codera suave al tacto, soporte lumbar independiente, base y marco estructural de aluminio pulido, cabecera ajustable','•	Cabecera con ajuste de altura gradual y posición de ángulo.\r\n•	Descansabrazos con 7 posiciones de altura, codera de poliuretano y cubierta de aluminio pulido. \r\n•	Soporte lumbar independiente con ajuste de altura. \r\n•	Asiento con diseño ergonómico con acojinamiento de poliuretano inyectado de 53 kg/m3 de densidad con retardante de flama.\r\n•	Respaldo con diseño ergonómico en red de nylon con marco estructural de aluminio.','•	Altura total: 120 - 135 cm.\r\n•	Piso – asiento: 47 - 55 cm.\r\n•	Perfil: 64 - 68 cm.\r\n•	Ancho base: 64 - 70 cm.','Mesh y aluminio pulido','Consulta carta de tapices','products/RE-7000.jpg','2021-09-25 19:08:46.689746','2021-10-01','products/RE-7000-frontal.jpg','',''),(83,'Nizza','Labenze','Silla con asiento y respaldo en polipropileno, con base de 4 patasen tubular de acero cromo o pintado en gris. Estibable x 6 piezas.','•	Para uso interno.\r\n•	Estructura cromo o pintada en color gris.','•	Altura total: 84 cm.\r\n•	Piso – asiento: 45.5 cm.\r\n•	Perfil: 55.5 cm.\r\n•	Ancho base: 50 cm.','Polipropileno y acero','Blanco,Negro y Naranja','products/nizza-1.jpg','2021-09-25 19:09:46.379357','2021-10-12','products/nizza-2.jpg','products/nizza-3.jpg',''),(84,'Class','Labenze','Silla disponible con o sin brazos con asiento y respaldo en polipropileno, con base de 4 patasen tubular de acero cromo o pintado en gris.  Apilable x 6 piezas.','•	Para uso interno.\r\n•	Estructura cromo o pintada en color gris.','•	Altura total: 84cm.\r\n•	Piso – asiento: 45.5 cm.\r\n•	Perfil: 52 cm.\r\n•	Ancho base: 47 cm.','Polipropileno y acero','Blanco, Bordeux, Naranja, Rojo, Verde, Sander','products/class-1.jpg','2021-09-25 19:11:53.421963','2021-10-12','products/class-2.jpg','products/class-3.jpg',''),(85,'Banco octo','Labenze','Banco con cuerpo y descansapies en tecnopolimero combinado en dos tonos, con ajuste de altura por medio de pistón de gas. Base de Plato y columna en acero cromado.','•	Para uso interno.\r\n•	Cuerpo disponible en dos colores\r\n•	Base con elevación de pistón.','•	Altura total: 53-75cm.\r\n•	Perfil: 40 cm.\r\n•	Ancho base: 39 cm.','Tecnopolómero y acero','Dove Gray - Antracita,Blanco - Rojo,Blanco - Gris','products/octo-1.jpg','2021-09-25 20:08:00.147453','2021-10-12','products/octo-2.jpg','products/octo-3.jpg',''),(86,'Banco bakhita','Labenze','Banco alto  de 4 patas con estructura de acero recubierta en tecnopolímero, con descansa pies. Altura asiento 0.76 mts. Apilable x 5 piezas.','•	Apilable.\r\n•	Para uso interno y externo.\r\n•	Recubrimiento de base con tecnopolimero.','•	Altura total: 103 cm.\r\n•	Piso – asiento: 76 cm.\r\n•	Perfil: 47 cm.\r\n•	Ancho base: 48 cm.','Acero y tecnopolímero.','Blanco, Gris, Sander, Antracita','products/banco-bakhita-1_BQiq2GJ.jpg','2021-09-25 20:09:12.447302','2021-10-12','','',''),(87,'Banco lisa','Labenze','Producto especial.','Producto especial.','Producto especial.','Producto especial.','Producto especial.','products/banco-lisa-1.jpg','2021-09-28 14:36:24.032508','2021-10-12','','',''),(88,'Banco zebra','Labenze','Banco de h.80 en tecnopolímero con base de 4 patas acero cromado o pintado en color; antracita, blanco, negro.','•	Para uso interno.\r\n•	Estructura cromo o pintada en color negro, antracita y/o negro.','•	Altura total: 116 cm.\r\n•	Piso – asiento: 80 cm.\r\n•	Perfil: 53 cm.\r\n•	Ancho base: 51 cm','Tecnopolómero','Blanco, Dovegra, Naranja, Azul Cielo y Antracita.','products/banco-zebra-2.jpg','2021-09-28 14:37:28.709912','2021-10-12','products/banco-zebra-1.jpg','products/banco-zebra-3.jpg','products/banco-zebra-4.jpg'),(89,'Runa alta','Okamura','Diseño simple que incorpora las necesidades funcionales de un entorno de oficina versátil. \"Runa\" ofrece una completa colección de asientos con una amplia variedad de colores y acabados. Cuando necesitas libertad para pensar creativamente y deseas esas grandes ideas, \"Runa\" te da esa libertad y apoyo para tener éxito.','• Confort Back Shell Shell\r\n• Rejilla con respaldo estructurado. El respaldo estructurado de hendidura flexible te ayuda a relajarte con estilo.\r\n• Cojín de asiento multi-densidad.\r\n• Asiento perforado\r\n• Paso de anidamiento horizontal de 125 mm (5 pulgadas) (solo modelo de anidamiento)\r\n• Ruedas de nylon (50 mm de diámetro)\r\n• Concha atrás\r\n• Almohadilla trasera opcional\r\n• Asiento de tela.\r\n• Marco plateado metalico / blanco neo\r\n• Sin brazos / sin brazos\r\n• Cesto de almacenaje disponible para taburete de nido.\r\n• 6 colores de concha\"','•	Ancho respaldo: 46 cm.\r\n•	Ancho asiento: 45 cm.\r\n•	Altura piso-asiento: 64 cm – 78 cm.\r\n•	Diámetro base: 64 cm. \r\n•	Perfil escoca: 50 cm.\r\n•	Largo asiento: 45 cm.\r\n•	Altura total: 101.5 cm – 116 cm.\"','Tela','Gris','products/runa-3f.jpg','2021-09-28 14:38:35.858443','2021-10-12','products/runa-3v.jpg','',''),(90,'Repiroue','Okamura','No es ningún secreto que cambiar nuestra postura a lo largo del día es esencial para nuestro bienestar en la oficina. Además, la adaptación de una postura adecuada para la tarea en cuestión ayuda a aliviar el estrés que se ejerce sobre el cuerpo. Okamura recomienda cinco posturas para aumentar la productividad y la eficiencia de la oficina. Entre ellos se encuentra la postura de posado, una combinación perfecta de estar de pie y sentarse, que es adecuada para una reunión de pie o para realizar tareas de toma de contacto. Repiroue fue traído a la vida con la intención de hacer que la postura de posado sea más accesible en el entorno de la oficina.','• Al distribuir el peso entre las piernas y los glúteos, la posición de percha minimiza la tensión ejercida en la parte inferior de la espalda y las piernas para una postura de trabajo cómoda.\r\n• Repiroue naturalmente atrae la pelvis hacia adelante, creando una curva s sana en la columna vertebral.\r\n• La base permanece completamente en el suelo, creando una experiencia de asiento estable, incluso cuando el usuario se mueve.\r\n• Repiroue se inclina con el cuerpo 10 ° en cualquier dirección para soportar aproximadamente el 60% del peso del usuario.\r\n• Se puede acceder fácilmente a la palanca de ajuste de altura debajo del asiento desde cualquier ángulo para ajustar la altura entre 565 mm (22 1/4 \") y 815 mm (32 1/8\").\r\n• Opciones de estilo\r\n• Color de la carcasa: Blanco / Negro','• Ancho asiento: 30 cm.\r\n• Diámetro base: 35 cm.\r\n• Altura total: 56.5 cm – 81.5 cm.','Tela','Negro o blanco','products/repiroue-1.jpg','2021-09-28 14:40:07.563882','2021-10-12','products/repiroue-2.jpg','',''),(91,'RM-9000','Requiez','Sillón presidencial asiento y respado ergonomico en mesh con reclinamiento y 3 posiciones de bloqueo, ajuste de profundiad de asiento y altura de respaldo con soporte lumbra flotante. Descansa brazos ajustable.','•	Reclinamiento Synchro monomando con regulador de tensión.\r\n•	3 posiciones de bloqueo y sistema antishock.\r\n•	Sistema slider para ajuste de profundidad de asiento.\r\n•	Cubierta de mecanismo en polipropileno de alta resistencia.\r\n•	Elevación neumática.                                                                                                                                           \r\n•	Ajuste de respaldo gradual.                                                                                                                                      \r\n•	Descansa brazos con ajuste 3D.                                                                                                                          \r\n•	Respaldo ergonómico con soporte lumbar.                                                                                                  \r\n•	Cabecera con ajuste de altura gradual en tres posiciones.','•	Altura total: 116 - 120 cm.\r\n•	Piso – asiento: 44 - 55 cm.\r\n•	Perfil: 60 - 64 cm.\r\n•	Ancho base: 60 - 64 cm.','Base de aluminio pulido de 5 puntas.\r\nRespaldo en mesh de poliester.\r\nDescansa brazos en aluminio pulido.','Negro','products/RM-9000.jpg','2021-09-28 14:42:03.959671','2021-10-12','products/RM-9000_Frontal.jpg','',''),(92,'RP-8000','Requiez','Sillón ejecutivo en piel respaldo alto con cabecera integrada, acojinamiento en poliuretano inyectado de alta densidad con retardante al fuego, brazos de aluminio pulido con codera acojinada y base en aluminio pulido, sistema de reclinamiento con bloque en 4 posiciones y regulador de tensión.','•	Reclinamiento knee Tilt con cuatro posiciones de bloqueo con sistema anti-shock y perilla para regular la tensión.                                                                                                                  \r\n•	Brazos de aluminio pulido, con codera acojinada.\r\n•	Elevación Neumática.','•	Altura total: 123 - 130 cm.\r\n•	Piso – asiento: 50 - 57 cm.\r\n•	Perfil: 70 cm.\r\n•	Ancho base: 65 cm.','Base de 5 puntas elaborada en aluminio.\r\nAsiento y respaldo tapizado en piel.\r\nPoliuretano inyectado de alta densidad de 53 kg/m3 con retardante al fuego.','Negro y café','products/RP-8000_negro.jpg','2021-09-28 14:43:04.527304','2021-10-12','products/RP-8000.jpg','products/RP-8000_beige.jpg',''),(93,'RE-7050','Requiez','Sillón ejecutivo dynamic con cabecera Dynamic (mesh – piel) sistema reclinamiento synchronico con 4 posiciones con maneral para regular la tensión y antishock, ajuste de profundidad de asiento. Descansabrazos con ajuste de altura y codera suave al tacto, soporte lumbar independiente, base y marco estructural de aluminio pulido, cabecera ajustable','•	Cabecera con ajuste de altura gradual y posición de ángulo.\r\n•	Descansabrazos con 7 posiciones de altura, codera de poliuretano y cubierta de aluminio pulido. \r\n•	Soporte lumbar independiente con ajuste de altura. \r\n•	Asiento con diseño ergonómico con acojinamiento de poliuretano inyectado de 53 kg/m3 de densidad con retardante de\r\n•	flama. \r\n•	Respaldo con diseño ergonómico en red de nylon con marco estructural de aluminio.','•	Altura total: 115 - 128 cm.\r\n•	Piso – asiento: 45 - 55 cm.\r\n•	Perfil: 55 - 75 cm.\r\n•	Ancho base: 70 - 74 cm.','Mesh, piel y aluminio pulido','Piel negra','products/RP-7050_REQUIEZ.png','2021-09-28 14:44:05.870586','2021-10-15','products/RP-7050_02_REQUIEZ.png','',''),(94,'Sabrina','Okamura','En la filosofía de Okamura, la comodidad y el diseño no contradicen sino que se interconectan. Sabrina es otra representación de esto. Sostener y seguir el movimiento del cuerpo durante la experiencia al estar sentado - hecho posible con una sola pieza, una estructura simbólica de anillo. El diseño aerodinámico de la pieza se ve coherentemente en los brazos ajustables y en las patas de aluminio. Usted puede ver esta estructura de anillo icónico no sólo en la vista posterior, pero desde la vista frontal a través de la malla permeable.','• Sabrina Standard\r\n• Espalda extra alta / espalda alta\r\n• Sabrina Smart Operación\r\n• Espalda extra alta / espalda alta\r\n• Sabrina Standard\r\n• Base de piernas de cinco estrellas\r\n• Brazo 3D ajustable\r\n• Altura ajustable del asiento\r\n• Profundidad ajustable del asiento\r\n• Posiciones reclinables\r\n• Tensión reclinable ajustable\r\n• Syncro reclinable','Sin cabecera:\r\n• Ancho respaldo: 49.5 cm.\r\n• Bazo derecho-izquierdo: 69.5 cm. .\r\n• Ancho asiento: 53.5 cm.\r\n• Altura piso-brazo: 58cm – 78 cm.\r\n• Altura piso-asiento: 44 cm – 54 cm.\r\n• Diámetro base: 70 cm.\r\n• Perfil escoca: 56.5 -61.5 cm.\r\n• Largo asiento: 40 cm – 45 cm.\r\n• Altura total: 100 cm – 110 cm.\r\n\r\nTodos los accesorios:\r\n• Ancho respaldo: 49.5 cm.\r\n• Bazo derecho-izquierdo: 69.5 cm. .\r\n• Ancho asiento: 53.5 cm.\r\n• Altura piso-brazo: 58cm – 78 cm.\r\n• Altura piso-asiento: 44 cm – 54 cm.\r\n• Diámetro base: 70 cm.\r\n• Perfil escoca: 57 -62 cm.\r\n• Largo asiento: 40 cm – 45 cm.\r\n• Altura total: 119 cm – 129 cm.','Tela y mesh','• Marrón oscuro- marco negro\r\n• Azul- marco blanco\r\n• Beige- marco blanco\r\n• Gris claro - marco blanco \r\n• Negro- marco blanco y negro\r\n• Verde oscuro- marco negro.','products/sabrina-2f.jpg','2021-09-28 14:48:22.114398','2021-10-12','products/sabrina-1f.jpg','products/sabrina-7f.jpg','products/sabrina-6f.jpg'),(95,'CP','Okamura','Okamura CP es una silla ergonómica de vanguardia desarrollada en colaboración con la firma de diseño italiana de renombre mundial Giugiaro Design. Okamura CP combina la tecnología de asientos más avanzada del mundo con un diseño extraordinariamente simple para revitalizar cualquier espacio de oficina. Está disponible en una selección de 12 colores de malla.','•	Espalda de malla elástica\r\n•	Inclinación de tobillo sincro-reclinación\r\n•	Tensión reclinable ajustable\r\n•	Bloqueo de reclinación\r\n•	Ruedas de rodadura suave (60 mm de diámetro)\r\n•	Espalda alta / Espalda baja\r\n•	Asiento: Malla / Tapicería\r\n•	La malla y la tela están disponibles en 12 variaciones de color.\r\n•	Marco de aluminio: pulido o con recubrimiento de polvo\r\n•	Color del cuerpo: negro o blanco\r\n•	Apoyabrazos: Ajustable / Fijo / Sin brazos\r\n•	Ruedas: duras (nailon) / blandas (uretano)\r\n•	Reposacabezas (ajustable / fijo / ninguno)\r\n•	Perchero\r\n•	Soporte lumbar ajustable','• Ancho respaldo: 43 cm\r\n• Bazo derecho-izquierdo: 49 cm. .\r\n• Altura piso-brazo: 61.5cm – 84.2 cm.\r\n• Altura piso-asiento: 44 cm – 55 cm.\r\n• Altura piso-brazo:64 cm – 75 cm.\r\n• Diámetro base: 69.6cm.\r\n• Perfil escoca: 57.7 cm.\r\n• Largo asiento: 42.5 cm.\r\n• Altura total: 93 cm – 104 cm.','Mesh','Blanco','products/cp2.jpg','2021-09-28 14:52:01.430586','2021-10-12','products/cp1.jpg','products/cp3.jpg',''),(96,'Legender','Okamura','Legender es la última silla ejecutiva. Una combinación de funcionalidad, clase y elegancia, basada en nuestra experiencia en ergonomía y nuestra larga tradición de crear hermosos muebles. Cuero suave y flexible y diseño de clase mundial para los principales ejecutivos del mundo.','•	Mecanismo de operación inteligente\r\n•	Diseñado para adaptarse a su cuerpo y su estilo. Las características incluyen la Operación inteligente con ajuste de altura y bloqueo reclinable a su alcance, deslizamiento del asiento sensible y controles de tensión.\r\n•	Descanso con inclinación del tobillo Un mecanismo de inclinación con el tobillo permite a cualquier persona encontrar su posición de descanso más cómoda. Al usar el tobillo como punto de pivote, este mecanismo se mueve en sincronía con el asiento, para un mayor apoyo, estimulando la variación en la postura y la relajación, con comodidad ininterrumpida.\r\n•	Cojín de densidad múltiple\r\n•	El exclusivo Cojín de densidad múltiple de Okamura utiliza tres tipos de espuma de uretano, de firmeza variable en capas, para promover un asiento saludable. El cojín proporciona un soporte más suave en la parte delantera del asiento, reduciendo la presión sobre los muslos para mejorar la circulación; La amortiguación más densa en la parte posterior sostiene firmemente las caderas para una mayor estabilidad y una mejor postura.\r\n•	Ajuste de la altura y la profundidad del asiento Ajuste la altura de la silla, dentro de un rango de 17 3/8 \"(44lmm) a 21 3/4\" (55lmm), usando la palanca en el reposabrazos derecho. El ajuste de la profundidad del asiento, dentro de un rango de 2 \"(50 mm), está disponible usando las palancas debajo del asiento.\r\n•	Ajuste de tensión reclinada\r\n•	Elija entre cuatro ajustes preestablecidos de ajuste de tensión para un ajuste intuitivo, todo desde una esfera debajo del asiento.\r\n•	Opciones de estilo\r\n•	Respaldo extra alto / respaldo alto\r\n•	Opción de personalización\r\n•	Apoyabrazos: brazo cerrado / brazo abierto\r\n•	Opción de diseño de respaldo\r\n•	Estándar\r\n•	Puntadas\r\n•	Costura en cuero perforado.','Sin medidas','Piel','Negro y camel','products/legender-1.jpg','2021-09-28 14:57:50.165128','2021-10-12','products/legender-3.jpg','products/legender-4.jpg','products/legender-5.jpg'),(97,'RP-4500','Requiez','Sillón ejecutivo mesh / piel con cabecera, reclinamiento de respaldo synchronico con regulador de tensión, bloqueo antishock, descansabrazos con ajuste de altura, asiento ergonómico tapizado, cabecera acojinada con ajuste gradual y base de cinco puntas en nylon con cinturón de acero.','•	Synchro con regulador de tensión, 3 posiciones de bloqueo y sistema antishock.\r\n•	Mecanismo elaborado con placa de acero cal.10.                                                                                      \r\n•	Elevación neúmatica.                                                                                                                                   \r\n•	Descansabrazos con ajuste de altura.                                                                                                         \r\n•	Cabecera tapizada con ajuste de altura.                                                                                                        \r\n•	Asiento con ajuste de profundidad.','•	Altura total: 115 - 128 cm.\r\n•	Piso – asiento: 45 - 55 cm.\r\n•	Perfil: 55 - 75 cm.\r\n•	Ancho base: 70 - 74 cm.','Base de 5 puntas elaborada en nylon reforzado, con cinturón de acero.\r\nBrazos de poliuretano.\r\nAsiento tapizado en piel.\r\nPoliuretano inyectado de alta densidad de 53 kg/m3 con retardante al fuego.','Consultar catalogo.','products/RP-4500.jpg','2021-09-28 14:59:24.976404','2021-10-12','','',''),(98,'RE-780','Requiez','Silla Cool base trineo, respaldo y asiento tapizado en tela.','•	Respaldo fabricado en madera de multiplay con acojinamiento de poliuretano y tapiz.\r\n•	Asiento con acojinamiento de poliuretano inyectado de 60 kg/ m3 de densidad con retardante de flama, parte inferior del asiento cubierto con concha de polipropileno de alto impacto.\r\n•	Acero tubular redondo cal 13 en forma de trineo o 4 puntos terminado en pintura electrostática\r\n•	Negra (N), Gris (G), o Cromo (C).','•	Altura total: 81 cm.\r\n•	Piso – asiento: 43 cm.\r\n•	Perfil: 52 cm.\r\n•	Ancho base: 56 cm.','Poliuretano y tapiz de telas','Consulta carta de tapices','products/RE-780P-N.jpg','2021-09-28 15:08:54.855563','2021-10-01','products/RE-780PN-trasera.jpg','',''),(99,'RE-570BL/C/20/23','Requiez','Rewind es una versátil propuesta para espacios multifuncionales que se adapta a diferentes necesidades de uso con una amplia gama de colores y acabados en sus diferentes configuraciones.Firme estructura tubular y ligera en su asiento y respaldo en polipropileno ergonómicos.Estibables y configurable con reposabrazos, asiento tapizado, ganchos de unión para formar baterías.','•	Respaldo fabricado en inyección de polipropileno de alta resistencia reticulado para permitir circulación de aire, mayor confort y diseño ergonómico.\r\n•	Asiento de polipropileno de alto impacto con terminación caída en cascada y concha inferior de asiento de polipropileno.\r\n•	Apilable x 8 piezas.','•	Altura total: 84 cm.\r\n•	Piso – asiento: 47 cm.\r\n•	Perfil: 59 cm.\r\n•	Ancho base: 49 cm.','De acero tubular redondo de 4 patas calibre 16 terminada en pintura electrostática.','Plásticos: rojo, verde, blanco, gris oscuro, azul y negro.\r\nEstructura: negro, gris y cromo.\r\nConsultar carta de tapices.','products/RE-570VD_G_23.jpg','2021-09-28 15:10:02.444150','2021-10-01','products/RE-570-tres-cuartos-posterior.jpg','products/RE-570-con-rodajas.jpg',''),(100,'Replay rodajas','Labenze','Silla con asiento y respaldo en polipropileno, con base de 4 patas con rodajas en tubular de acero o pintado en color; gris o negro .Respaldo multiperforado. Apilable x 6 piezas.','•	Para uso interno.\r\n•	Estructura cromo o pintada en color negro o gris con rodajas.','•	Altura total: 81.5 cm.\r\n•	Piso – asiento: 45 cm.\r\n•	Perfil: 57 cm.\r\n•	Ancho base: 81.5 cm.','Polipropileno y acero','Negro, Blanco, Gris, Antracita, Naranja, Rojo, Azul Cielo, Amarillo, Azul Marino, Verde','products/replay-con-rodajas-1.jpg','2021-09-28 15:15:59.850764','2021-10-21','products/replay-con-rodajas-2.jpg','',''),(101,'RE-1060','Requiez','Silla de visita italiana asiento y respaldo en acojinamiento de poliuretano con diseño ergonómico, estructura tubular de acero terminada en pintura electrostática colores opcionales.','•	Acojinamiento de poliuretano inyectado de 44 kg/m3 de densidad con retardante de flama.\r\n•	Acero tubular ovalado cal 16 de 4 patas en pintura electrostática en colores negro (N) y Gris (G).                              \r\n•	Brazos opcionales RA-18.                                                                                                                                   \r\n•	Apilable x 8 sillas.','•	Altura total: 80 cm.\r\n•	Piso – asiento: 48 cm.\r\n•	Perfil: 62 cm.\r\n•	Ancho base: 53 cm.','Poliuretano y tapiz de telas','Consulta carta de tapices','products/RE-1060.jpg','2021-09-28 16:31:55.549811','2021-10-01','','',''),(102,'RE-1090','Requiez','Diseño ergonomico para maximo confort, acojinamiento de poliuretano, brazos estructurales con cubierta en polipropileno, lo que permite estar sentado largo tiempo sin sentir incomodiad.','•	Brazos estructurales con cubierta en  polipropileno.\r\n•	Acero tubular ovalado cal 16 de 4 patas terminado en pintura electrostática color negro.\r\n•	Asiento de poliuretano inyectado de 53 kg/ m3 de densidad con retardante de flama.','•	Altura total: 81 cm.\r\n•	Piso – asiento: 46 cm.\r\n•	Perfil: 61 cm.\r\n•	Ancho base: 58 cm.','Poliuretano y tapiz de telas','Consulta carta de tapices','products/RE-1090-Frontal.jpg','2021-09-28 16:33:17.706561','2021-10-01','','',''),(103,'RE-911','Requiez','Silla en forma de trineo con asiento y respaldo inyectado en polipropileno de alta resistencia, con diseño ergonómico para un maximo soporte lumbar, lo que permitira estar sentado largo tiempo sin sentir incomodidad.','•	Asiento y respaldo inyectado en polipropileno de alta resistencia, con diseño ergonómico para un máximo confort, Negro o gris.\r\n•	Estructuraen forma de trineo elaborada en acero tubular Cal-16.','•	Altura total: 73 cm.\r\n•	Piso – asiento: 43 cm.\r\n•	Perfil: 52 cm.\r\n•	Ancho base: 46 cm.','Polipropileno y acero','Negro','products/RE-911-GC.jpg','2021-09-28 16:34:31.357074','2021-10-01','products/RE-911N-C.jpg','products/RE-911-Apilada.jpg',''),(104,'RE-1515','Requiez','Silla multifuncional 4 puntos con rodajas, estructura de acero tubular terminado en pintura electrostática y descansabrazos con coderas de polipropileno, respaldo ergonómico en mesh y asiento plegable acojinado en poliuretano inyectado de alta densidad.','•	Respaldo fabricado en marco estructural de polipropileno tapizado en mesh de nylon negro.\r\n•	Asiento acojinado con poliuretano inyectado de 5.3 kg/m3 de densidad con retardante de flama.\r\n•	Acero tubular redondo cal 14 en 4 puntos terminada en pintura electrostática negra, brazos estructurales con coderas de polipropileno.                                                                                                 \r\n•	Rodajas duales de nylon con recubrimiento de poliuretano.                                                                      \r\n•	Estibable.','•	Altura total: 81 cm.\r\n•	Piso – asiento: 46 cm.\r\n•	Perfil: 61 cm.\r\n•	Ancho base: 58 cm.','Polipropileno, poliuretano inyectado y acero','Consulta carta de tapices','products/RE-1515-tres-cuartos.jpg','2021-09-28 16:36:04.009212','2021-10-01','products/RE-1515-lateral.jpg','',''),(105,'RE-685','Requiez','Silla multifuncional skip 4 puntos con rodajas, estructura en acero tubular terminado en pintura electrostática color gris, respaldo en marco de polipropileno tapizado con mesh de poliéster con sistema de reclinamiento libre, asiento plegable acojinado de poliuretano inyectado de alta densidad.','•	Respaldo fabricado en marco estructural de polipropileno tapizado en mesh de poliéster, diseño ergonómico con soporte lumbar y sistema de reclinamiento libre.\r\n•	Asiento con acojinamiento de poliuretano inyectado de 53 Kg/ m3 de densidad con retardante de flama, parte inferior del asiento cubierto con concha de polipropileno de alto impacto, plegable.\r\n•	Acero tubular ovalado cal-14 en 4 puntos con rodajas, terminada en pintura electrostática gris y brazos estructurales con codera de polipropileno.\r\n•	Rodajas duales con recubrimiento de poliuretano.\r\n•	Materia multiple.','•	Altura total: 91 cm.\r\n•	Piso – asiento: 49 cm.\r\n•	Perfil: 56 cm.\r\n•	Ancho base: 63 cm.','Poliuretano inyectado y acero','Consulta carta de tapices','products/RE-685-frontal-azul.jpg','2021-09-28 16:45:01.952272','2021-10-01','products/RE-685-Gris.jpg','',''),(106,'Banca Areta','Labenze','Banca de 2, 3, 4 plazas con asiento y respaldo en polipropileno con tubular de acero cromo y travesaño en PTR pintado. Base de 4 patas en tubular de acero cromo o pintado en color; gris o negro','•	Para uso interno.\r\n•	Estructura cromo o pintada en color negro o gris.','•	Altura total: 81.5 cm.\r\n•	Piso – asiento: 45 cm.\r\n•	Perfil: 57 cm.\r\n•	Ancho base: 105 cm 2 plazas, 160 cm 3 plazas, 210 cm 4 plazas.','Polipropileno y acero','Antracita, Azul, Bordeux, Gris, Negro, Naranja, Rojo, Blanco','products/banca-areta-1.jpg','2021-09-28 16:47:06.640712','2021-10-12','','',''),(107,'Banca replay','Labenze','Banca con asiento y respaldo en polipropileno, con base de 4 patas en tubular de acero cromo o pintado en color; gris o negro. Respaldo multiperforado.','•	Para uso interno.\r\n•	Estructura cromo o pintada en color negro o gris.','•	Altura total: 80 cm.\r\n•	Piso – asiento: 45 cm.\r\n•	Perfil: 54 cm.\r\n•	Ancho base: 105 cm 2 plazas, 160 cm 3 plazas, 210 cm 4 plazas.','Polipropileno y acero','Negro, Blanco, Gris, Antracita, Naranja, Rojo, Azul Cielo, Amarillo, Azul Marino, Verde','products/banca-replay-1.jpg','2021-09-28 16:47:59.351112','2021-10-12','products/banca-replay-2.jpg','',''),(108,'RE-675','Requiez','Silla training estructura de acero tubular con acabado en pintura electroestá-tica color gris, respaldo en polipropileno negro, asiento acojinado en poliuretano inyectado, tableta de escritura abatible en polipropileno de alto impacto, rodamientos con cubierta de poliuretano.','•	Para uso interno.\r\n•	Estructura cromo o pintada en color negro o gris.','Sin medidas','Polipropileno y acero','Consulta carta de tapices','products/RE-675.jpg','2021-09-28 16:50:02.711138','2021-10-01','products/RE-675-Lateral.jpg','products/RE-675-laterales.jpg',''),(109,'KLC 722','Requiez','Pupitre giratorio, asiento y respaldo en una sola pieza de polipro-pileno y fibra de vidrio con diseño ergonómico, tableta de escritura giratoria 180° con ranura porta Ipad, base circular con espacio de guardado y rodamientos con cubierta de poliuretano.','•	Asiento y respaldo en una sola pieza, con diseño ergonómico fabricado en polipropileno de alta resistencia.\r\n•	Paleta giratoria 180º fabricada en polipropileno de alto impacto con ranura porta tableta.\r\n•	Base fabricada en polipropileno de alto impacto.\r\n•	Giratoria con 6 rodamientos duales.\r\n•	Espacio de guarda.','•	Altura total: 82.5 cm.\r\n•	Piso – asiento: 46.6 cm.\r\n•	Perfil: 65.9 cm.\r\n•	Ancho base: 65.9 cm.','Polipropileno','Blanco, amarillo, aqua, naranja, azul, gris perla, antracita.','products/KLC-EDU-722.jpg','2021-09-28 16:52:14.235737','2021-10-01','','',''),(110,'Zoe Kids','Requiez','Diseñada especialmente para niñas y niños, pensada tanto para uso en aulas educativas, como para el home schooling. Adaptable a diferentes complexiones físicas por sus características ergonómicas y múltiples ajustes, asiento y respaldo tapizado con pads de tapicería removibles.','Asiento con diseño ergonómico en poliuretano inyectado de 50km/3 tapizado en tela y funda removible.\r\nBase de 5 puntas con rodamientos duales de nylon y un sistema de freno automático por peso en los rodamientos +25kg.\r\nAjuste de profundidad del asiento por medio de sistema slider.\r\nProfundidad y altura del respaldo ajustables de forma gradual en 5 posiciones.','•	Altura total: 82 - 96 cm.\r\n•	Piso – asiento: 46 56 cm.\r\n•	Perfil: 60 cm.','Poliuretano inyectado y nylon','Menta, azul y rosa','products/ZOE-KIDS-GREEN.jpg','2021-09-28 16:56:42.145160','2021-10-12','products/ZOE-KIDS-GREEN-posterior.jpg','',''),(111,'RE-921','Requiez','Butaca en forma de trineo, asiento y respaldo inyectado en polipropileno de alta resistencia, son diseño ergonómico para un máximo soporte lumbar, lo que permitirá estar sentado largo tiempo y sin sentir incomodidad, respaldo bajo. Más información','Asiento y respaldo inyectado en polipropileno de alta resistencia, con diseño ergonómico para un máximo confort, Negro o gris.\r\nEstructuraen forma de trineo elaborada en acero tubular Cal-16.','•	Altura total: 73 cm.\r\n•	Piso – asiento: 43 cm.\r\n•	Perfil: 52 cm.\r\n•	Ancho base: 46 cm.','Polipropileno y acero','Negro','products/RE-921-lateral.jpg','2021-09-28 17:00:16.504704','2021-10-15','products/RE-921.jpg','',''),(112,'RE-1061','Requiez','Butaca universitaria italiana con estructura en acero tubular terminado en pintura electrostática, respaldo y asiento acojinados de poliuretano inyectado de alta densidad, tableta de polipropileno de alto impacto abatible.','•	Acojinamiento de poliuretano inyectado de 4.4kg/m3 de dencidad con retardante a la flama.\r\n•	Acero Tubular ovalado cal 16 de 4 patas, terminado en pintura electrostática colores:\r\n•	Negro (N) y Gris (G).                                                                                                                                         \r\n•	Apilable x 5 piezas.\r\n•	Paleta abatible sistema anti pánico','•	Altura total: 80 cm.\r\n•	Piso – asiento: 48 cm.\r\n•	Perfil: 62 cm.\r\n•	Ancho base: 62 cm.','Poliuretano inyectado y acero','Consulta carta de tapices','products/RE-1061-tres-cuartos.jpg','2021-09-28 17:01:12.508722','2021-10-01','products/RE-1061-tres-cuartos-abajo.jpg','products/RE-1061-FRONTAL.jpg',''),(113,'Banco nizza','Labenze','Banco con asiento y respaldo en polipropileno, con base de 4 patas en tubular de acero cromo o pintado en gris con descansapies. Apilable x 6 piezas.','•	Para uso interno.\r\n•	Estructura cromo o pintada en color gris.','•	Altura total: 113.5 cm.\r\n•	Piso – asiento: 75 cm.\r\n•	Perfil: 55.5 cm.\r\n•	Ancho base: 50 cm.','Polipropileno y acero','Blanco,Negro y Naranja','products/banco-nizza-1.jpg','2021-09-28 17:02:11.903461','2021-10-12','','',''),(114,'Pure Loop Lounge','Infiniti','Sillón de poliuretano espumado en frío, tapizado.  Base de aluminio con mecanismo giratorio.','• Sillón de poliuretano espumado en frío, tapizado.  \r\n• Base de aluminio con mecanismo giratorio.','•	Altura total: 68 cm.\r\n•	Piso – asiento: 38 cm.\r\n•	Perfil: 83cm.\r\n•	Ancho base: 79 cm.','Aluminio y poliuretano.','Consultar carta de tapices','products/pure_loop_lounge.jpg','2021-09-28 17:15:47.598880','2021-10-14','products/pure_loop_lounge_2.jpg','',''),(115,'Silla Replay / tapiz','Labenze','Silla con asiento tapizado y respaldo en polipropileno, con base de 4 patas en tubular de acero cromo o pintado en color; gris o negro. Respaldo multiperforado.Apilable x 6 piezas.','•	Para uso interno.\r\n•	Estructura cromo o pintada en color gris.\r\n•	Consultar carta de tepices para el asiento.','•	Altura total: 81.5 cm.\r\n•	Piso – asiento: 45 cm.\r\n•	Perfil: 57 cm.\r\n•	Ancho base: 81.5 cm.','Polipropileno y acero','Negro, Blanco, Gris, Antracita, Naranja, Rojo, Azul Cielo, Amarillo, Azul Marino, Verde','products/replay-tapizado-3.jpg','2021-09-28 17:16:46.401498','2021-10-18','products/replay-tapizado-2.jpg','products/replay-tapizado-1.jpg',''),(116,'Silla Areta / tapiz','Labenze','Silla con asiento tapizado y respaldo en polipropileno, con base de 4 patas en tubular de acero cromo o pintado en color gris o negro. Apilable x 6 piezas.','•	Para uso interno.\r\n•	Estructura cromo o pintada en color gris.\r\n•	Consultar carta de tepices para el asiento.','•	Altura total: 81.5 cm.\r\n•	Piso – asiento: 45 cm.\r\n•	Perfil: 57 cm.\r\n•	Ancho base: 81.5 cm.','Polipropileno y acero','Antracita, Azul, Bordeux, Gris, Negro, Naranja, Rojo, Blanco','products/areta-silla_tapiz.jpg','2021-09-28 17:18:25.963873','2021-10-15','','',''),(117,'Cubiertas sevelit','Labenze','Cubierta elaborada en aglomerado hidrófugo con\r\nborde en polipropileno, capas decorativas en resina\r\nmelamínica','•	Uso interno y externo.','•	D=85x1.6/3.0 cms. \r\n•	D=70x1.6/3.0 cms. \r\n•	Cuadrada 70x70x1.6/3.0 cms. \r\n•	Cuadrada 80x80x1.6/3.0 cms. \r\n•	Rectangular 115x70x1.6/3.0 cms.','Aglomerado hidrófugo, polipropileno y resina melamínica','Blanco, Antracita, Aluminio\r\nBlanco, Antracita, Aluminio, Vintage Pine, Old Pine\r\nBlanco, Antracita, Aluminio, Vintage Pine, Old Pine\r\nBlanco, Antracita, Aluminio, Vintage Pine, Old Pine\r\nBlanco, Antracita, Aluminio','products/cubierta-sevelit-1.jpg','2021-09-28 17:20:54.775014','2021-10-12','products/cubierta-sevelit-2.jpg','',''),(118,'RI-50','Requiez','Banco industrial antifatiga con asiento de poliuretano ajustable en posturas de incli-nación y bloqueo para trabajo semi parado.','•	Base de 5 puntas elaborada en nylon reforzado con cinturón de acero.\r\n•	Mecanismo anti fatiga con reclinamiento y perilla de fijación de la inclinación del asiento.\r\n•	Fabricado en placa metálica calibre 10, pistón neumático extra largo, acojinamiento en poliuretano de alta resiliencia, con diseño ergonómico.','•	Altura total: 77 cm.\r\n•	Piso – asiento: 34cm.\r\n•	Perfil: 52 cm.\r\n•	Ancho base: 33 cm.','Poliuretano','Negro','products/RI-50.jpg','2021-09-28 17:22:07.425921','2021-10-12','products/RI-50-FRONTAL.jpg','',''),(119,'R1-100','Requiez','Silla industrial con asiento y respaldo de poliuretano, respaldo con ajuste de altura y profundidad de asiento, compatible con descansa brazos.','•	Elevación neumática.\r\n•	Base de 5 puntas elaborada en nylon reforzado con cinturón de acero.\r\n•	Mecanismo con ajuste de altura y profundidad de respaldo. Asiento y respaldo en poliuretano de alta resiliencia.','•	Altura total: 79 - 93 cm.\r\n•	Piso – asiento: 38 - 51cm.\r\n•	Perfil: 49 - 52 cm.\r\n•	Ancho base: 43 cm.','Poliuretano','Negro','products/RI-100-FRONTAL.jpg','2021-09-28 17:23:12.436070','2021-10-12','products/RI-100-LATERAL.jpg','',''),(120,'RS-490-45','Requiez','Silla de trabajo versión banco alto con aro descansa pies opcionales en nylon o acero, ajuste de altura y profundidad de asiento, respaldo en mesh de nylon con ajuste de altura gradual.','•	Básico.\r\n•	Placa de acero cal. 10.                                                                                                                                         \r\n•	Ajuste de altura neumática\r\n•	Asiento y respaldo ergonómicos, acojinamiento en poliuretano\r\n*Accesorio Opcional\r\n•	Asiento retardante al fuego\r\n•	Ajuste de altura y profundidad de respaldo','•	Altura total: 112  - 128 cm.\r\n•	Piso – asiento: 61 - 75 cm.\r\n•	Perfil: 61 cm.\r\n•	Ancho base: 47 cm.','Base de 5 puntas, elaborada en nylon con cinturon de acero.\r\nAsiento de poliuretano inyectado de 53 kg/m3.','Consulta carta de tapices','products/490-45-1.jpg','2021-09-28 17:24:30.907662','2021-10-18','products/490-45-2.jpg','',''),(121,'RS-460-45','Requiez','Silla de trabajo versión banco alto con aro descansa pies opcionales en nylon o acero, ajuste de altura y profundidad de asiento.','•	Básico.\r\n•	Placa de acero cal. 10.                                                                                                                                         \r\n•	Ajuste de altura neumática\r\n•	Asiento y respaldo ergonómicos, acojinamiento en poliuretano\r\n*Accesorio Opcional\r\n•	Asiento retardante al fuego\r\n•	Ajuste de altura y profundidad de respaldo','•	Altura total: 87  - 102 cm.\r\n•	Piso – asiento: 43 - 52 cm.\r\n•	Perfil: 50 cm.\r\n•	Ancho base: 57-60 cm.','Base De 5 puntas, elaborada en nylon con cinturon de acero.\r\nAsiento de poliuretano inyectado de 53 kg/m3.','Consulta carta de tapices','products/RS-460_45-Frontal_XFJaMmN.jpg','2021-09-28 17:32:56.136558','2021-10-15','products/RS-460_45Tres-cuartos_xpvpN6C.jpg','',''),(122,'Replay Banco','Labenze','Banco con asiento y respaldo en polipropileno, con base de 4 patas h.75 en tubular de acero cromo o pintado en color negro o gris. Respaldo multiperforado. Apilable x 6 piezas.','•	Para uso interno.\r\n•	Estructura cromo o pintada en color gris.','•	Altura total: 112 cm.\r\n•	Piso – asiento: 78 cm.\r\n•	Perfil: 52 cm.\r\n•	Ancho base: 48 cm.','Polipropileno y acero','Negro, Blanco, Gris, Antracita, Naranja, Rojo, Azul Cielo, Amarillo, Azul Marino, Verde','products/replay.jpg','2021-09-28 17:37:31.662655','2021-10-15','','',''),(123,'Iris','Labenze','Silla en tecnopolímero disponible con o sin brazos. Estructura de 4 patas metálica recubierta de tecnopolímero. Apilable x 6 piezas.','•	Apilable.\r\n•	Para uso interno y externo.\r\n•	Recubrimiento de base con tecnopolímero.','•	Altura total: 88 cm.\r\n•	Piso – asiento: 45 cm.\r\n•	Perfil: 54 cm.\r\n•	Ancho base: 45 cm.','Acero y tecnopolímero.','•	Silla con brazos: Blanco, Rojo, Negro, Naranja y Verde.\r\n•	Silla sin brazos: Blanco, Rojo, Azul, Negro, Naranja, Café, Verde.','products/iris-1.jpg','2021-09-28 19:11:28.657473','2021-10-12','products/iris-3.jpg','products/iris-7.jpg','products/iris-6.jpg'),(124,'RE-1201','Requiez','Sillon Gerencial respaldo medio, mecanismo synchro con regulador de tension y bloqueo del mismo, acojinamiento de asiento y respaldo con diseño ergonomico, descansa brazos ajustables con codera de poliuretano.','•	Elevación neumática.\r\n•	Base de 5 puntas en acero con molduras plásticas decorativas.\r\n•	Mecanismo synchro con regulador de tensión y bloqueo del mismo. \r\n•	Ajuste de profundidad de respaldo. \r\n•	Mecanismo elaborado con placa de acero Cal.10.','•	Altura total: 96  - 106 cm.\r\n•	Piso – asiento: 58 - 68 cm.\r\n•	Perfil: 60 cm.\r\n•	Ancho base: 62 - 57 cm.','Poliuretano y tapiz de telas','Consulta carta de tapices','products/RE-1201.jpg','2021-09-28 19:12:30.687175','2021-10-12','products/RE-1201-frontal.jpg','products/RE-1201GR.png','products/RE-1201_GR_Frontal.png'),(125,'RS-500-45','Requiez','Silla de trabajo versión banco alto con aro descansa pies opcionales en nylon o acero, ajuste de altura y profundidad de asiento.','•	Básico.\r\n•	Placa de acero cal. 10.                                                                                                                                         \r\n•	Ajuste de altura neumática\r\n•	Asiento y respaldo ergonómicos, acojinamiento en poliuretano\r\n*Accesorio Opcional\r\n•	Asiento retardante al fuego\r\n•	Ajuste de altura y profundidad de respaldo','•	Altura total: 105  - 124 cm.\r\n•	Piso – asiento: 64 - 77 cm.\r\n•	Perfil: 56 - 59 cm.\r\n•	Ancho base: 50 cm.','Base De 5 puntas, elaborada en nylon con cinturon de acero.\r\n\r\nAsiento de poliuretano inyectado de 53 kg/m3.','Consulta carta de tapices','products/500-45-1.jpg','2021-09-28 19:13:35.082311','2021-10-18','products/500-45-2.jpg','products/500-45-3.jpg',''),(126,'Zebra Natural','Labenze','Cuerpo en policarbonato antishock.\r\nBase de 4 puntas en madera de haya natural.','•	Estructura en madera de haya natural.\r\n•	Para uso interno.\r\n•	Cuerpo antishock.','•	Altura total: 81 cm.\r\n•	Piso – asiento: 847cm.\r\n•	Perfil: 52 cm.\r\n•	Ancho base: 46 cm.','Madera y policarbonato','Blanco y dovegray','products/zebra-natural-1.jpg','2021-09-28 19:14:24.145802','2021-10-12','','',''),(127,'Zebra Tapizada','Labenze','Cuerpo en tecnopolímero con espuma tapizada.\r\nBase de 4 puntas en madera de haya natural.','•	Estructura en madera de haya natural.\r\n•	Para uso interno.\r\n•	Consultar carta de tapices.','•	Altura total: 81 cm.\r\n•	Piso – asiento: 84.7cm.\r\n•	Perfil: 52 cm.\r\n•	Ancho base: 46 cm.','Madera y policarbonato tapizado.','Consultar carta de tapices,','products/zebra-tapizada-1.jpg','2021-09-28 19:15:17.894472','2021-10-12','products/zebra-tapizada.jpg','products/zebra-tapizada-2.jpg',''),(128,'Anette Base Madera','Labenze','Sillón con estructura interna en acero recubierto en poliurentano inyectado y tapizado. Consultar carta de tapices. Para uso interno. Versión base de madera.','•	Para uso interno.\r\n•	Estructura en madera.\r\n•	Consultar carta de tepices.','•	Altura total: 79 cm.\r\n•	Piso – asiento: 46 cm.\r\n•	Perfil: 60 cm.\r\n•	Ancho base: 62 cm.','Poliuretano inyectado.','Consultar carta de tapices,','products/annette-base-de-madera-1_rxWHQZN.jpg','2021-09-28 19:16:18.678598','2021-10-12','products/annette-base-de-madera-2_5pJOGWp.jpg','',''),(129,'Metropolis','Labenze','Base de 4 patas y travesaño en madera de haya natural. Soporte de cubierta  en aluminio pulido.','•	Estructura en madera de haya natural y punteros en aluminio\r\n•	Para uso interno.','•	Altura total: 75 cm.\r\n•	Para cubierta: 180x90cm.\r\n•	Ancho base: 90 cm.','Madera y aluminio.','Haya Natural','products/metropolis-1.jpg','2021-09-28 19:36:24.071127','2021-10-12','','',''),(130,'Canova','Infiniti','Silla de una pieza fabricada en polipropileno con asiento tapizado.','•	Estructura en polipropileno con un cojín de asiento tapizado.                                                                          \r\n•	Útil para proyectos residenciales como contract.','•	Altura total: 78.8 cm.\r\n•	Piso – asiento: 46 cm.\r\n•	Perfil: 46.7 cm.\r\n•	Ancho base: 44.1 cm.','Polipropileno.','Antracita, tabaco, marsala y cipria.','products/canova_3.jpg','2021-09-28 19:37:15.793106','2021-10-14','products/canova_2.jpg','products/canova_4.jpg','products/canova.jpg'),(131,'Tondina','Infiniti','Silla con estructura  de acero 4 patas.  Asiento y respaldo en polipropileno.','•	Asiento y respaldo en contrachapado de roble. \r\n•	Estructura de acero pintado cromado o mate.                                                                                      \r\n•	Disponibles con panel tapizado en piel, eco-piel o tela.','•	Altura total: 79.3 cm.\r\n•	Piso – asiento: 47.5 cm.\r\n•	Perfil: 55 cm.\r\n•	Ancho base: 45 cm.','Acero y madera de roble.','Antracita, tabaco, marsala, blanco, cipria, verde aqua.','products/TONDINA_POP_2.jpg','2021-09-28 19:38:06.039109','2021-10-14','products/TONDINA_POP_3.jpg','products/TONDINA_POP_4.jpg','products/TONDINA_POP.jpg'),(132,'Next','Infiniti','Silla  en poliamida, acero y madera con opción para exterior.','•	Carcasa de policarbonato pulido.                                                                                                                           \r\n•	Base en madera de haya natural maciza o lacadas en un mismo color.                                                        \r\n•	Para uso externo.','•	Altura total: 79 cm.\r\n•	Piso – asiento: 47.6cm.\r\n•	Perfil: 54.6 cm.\r\n•	Ancho base: 45.5 cm.','Madera maciza de Iroko','Consultar carta de tapices,','products/next_2.jpg','2021-09-28 19:41:49.242401','2021-10-14','products/next.jpg','',''),(133,'Lady B tapizada trineo','Labenze','Silla tapizada con scocca en tecnopolímero. Estructura tubular en cold rolled de 11 mm cromo o  pintado en color negro.','•	Para uso interno.\r\n•	Estructura tubular cromo o pintada en color negro.\r\n•	Consultar carta de tepices.','•	Altura total: 78 cm.\r\n•	Piso – asiento: 46cm.\r\n•	Perfil: 61 cm.\r\n•	Ancho base: 57 cm.','Tecnopolímero','Consultar carta de tapices,','products/Lady-B_tapizada_01_Labenze.png','2021-09-28 19:42:32.828721','2021-10-15','products/Lady-B_tapizada_02_Labenze.png','',''),(135,'Rubik Sofa y sillon','Labenze','Sillón 1 plaza cuerpo en poliuretano inyectado y tapizado asiento con cojín independiente.\r\n\r\nSofá de 2 plazas cuerpo en poliuretano inyectado y tapizado asiento con cojín independiente.','•	Patas de aluminio cilíndricas.\r\n•	Para uso interno.\r\n•	Consultar carta de tapices.','•	Altura total: 71 cm.\r\n•	Piso – asiento: 44 cm.\r\n•	Perfil: 67 cm.\r\n•	Ancho base: 77 cm 1 plaza y 138 cm 2 plazas.','Poliuretano inyectado y patas de aluminio.','Consultar carta de tapices,','products/rubik_eIZc1l0.jpg','2021-09-28 19:44:02.513405','2021-10-15','','',''),(136,'Bombom','Infiniti','BomBom es un sillón suave y confortable para salas de espera, compuesto por un acolchado de espuma fría y un tapizado que puede cambiar de color por dentro y por fuera. La base giratoria de 4 estrellas es perfecta para muebles contract y de oficina.','•	Escoca de poliuretano rígido.\r\n•	Base giratoria de estrella.','•	Altura total: 73 cm.\r\n•	Piso – asiento: 45.5 cm.\r\n•	Perfil: 79 cm.\r\n•	Ancho base: 84 cm.','Poliuretano rigido.','Consultar carta de tapices','products/bombom_3.jpg','2021-09-28 19:44:45.732100','2021-10-14','products/bombom_2.jpg','products/bombom_4.jpg','products/bombom.jpg'),(137,'Kram','Infiniti','Sillón lounge en madera que descansa sobre una estructura de acero de tres patas, el sillón también está disponible con panel tapizado.','•	Base de madera con una estructura de acero de tres patas.                                                                             \r\n•	Panel tapizado.','•	Altura total: 77 cm.\r\n•	Piso – asiento: 39.4 cm.\r\n•	Perfil: 78.7 cm.\r\n•	Ancho base: 76.5 cm.','Madera','Roble Natural, Nogal Americano','products/KRAM_2.jpg','2021-09-28 19:45:32.523886','2021-10-14','products/KRAM.jpg','products/KRAM_3.jpg','products/KRAM_4.jpg'),(138,'Mesa drop','Infiniti','Ligera, práctica y altamente apilable, la mesa Drop ha sido diseñada para uso en exteriores.\r\nFabricada en polipropileno reforzado con fibra de vidrio con coinyección de un segundo material interno, la mesa Drop está disponible con tapa redonda o cuadrada.','•	Ligera, práctica y altamente apilable, para uso en exteriores.\r\n•	Polipropileno reforzado con fibra de vidrio con coinyección de un segundo material interno.','•	Altura total:  72.2 cm\r\n•	Cubierta: 73 x 73 cm\r\n•	Ancho base: 103.7 cm','Polipropileno recubierto con fibra de vidrio.','Blanco, gris y arena','products/mesa_drop.jpg','2021-09-28 19:46:56.747501','2021-10-14','','',''),(139,'Nuta con brazo','Labenze','Silla de tecnopolímero con asiento y respaldo multiperforado con brazos. Estibable x 6 piezas.','•	Apilable.\r\n•	Para uso interno y externo.\r\n•	Respaldo multiperforado.','•	Altura total: 79 cm.\r\n•	Piso – asiento: 45 cm.\r\n•	Perfil: 55 cm.\r\n•	Ancho base: 52 cm.','Tecnopolímero','Blanco,Negro,Azul,Bordeaux,Verde militar,Gris mineral,Lima','products/nuta-con-brazos-4.jpg','2021-09-28 19:48:05.986717','2021-10-12','products/nuta-con-brazos-1.jpg','products/nuta-con-brazos-2.jpg','products/nuta-con-brazos-6.jpg'),(141,'Sirio','Labenze','Silla de 4 patas elaborada con tecnología air  moulding en polipropileno reforzado con fibra de vidrio respaldo forma cuadrada. Apilable x 6 piezas.','•	Apilable.\r\n•	Para uso interno y externo.\r\n•	Recubrimiento de base con tecnopolimero.','•	Altura total: 88 cm.\r\n•	Piso – asiento: 45 cm.\r\n•	Perfil: 54 cm.\r\n•	Ancho base: 45 cm.','Acero y tecnopolímero.','Blanco, Azul, Naranja, Verde, Dovegray, Grafito','products/sirio-1.jpg','2021-09-28 19:52:28.998381','2021-10-12','','',''),(142,'Ola','Labenze','Cuerpo en polipropileno reciclable con base de aluminio anodisado de 25 mm de diametro. Apilable x 6 piezas.','•	Apilable.\r\n•	Para uso interno y externo.\r\n•	Base de aluminio anodizado.','•	Altura total: 82 cm.\r\n•	Piso – asiento: 45 cm.\r\n•	Perfil: 54 cm.\r\n•	Ancho base: 59 cm.','Poliuretano reciclable.','Antracita,Blanco,Rojo','products/ola-2.jpg','2021-09-28 20:09:02.926778','2021-10-12','products/ola-1.jpg','products/ola-3.jpg',''),(143,'Bon bon','Labenze','Banco con cuerpo con diseño tejido elaborado en polipropileno reciclable con estructura de 4 patas en acero galvanizado y pintado con poliester, con dren para eliminar el agua.','•	Dren para eliminar el agua almacenada.\r\n•	Para uso interno y externo.\r\n•	Base de acero galvanizado y pintado con poliéster.','•	Altura total: 110 cm.\r\n•	Piso – asiento: 80 cm.\r\n•	Perfil: 61 cm.\r\n•	Ancho base: 61 cm.','Polipropileno reciclable y acero','Blanco, Rojo, Antracita; PRODUCTO DESCONTINUADO','products/bonbon-1.jpg','2021-09-28 20:10:03.106965','2021-10-12','products/bonbon-2.jpg','products/bonbon-3.jpg',''),(144,'Gala rodajas','Labenze','Sillón con cuerpo en poliuretano inyectado y tapizado. Base giratoria de 5 puntas en aluminio o pintada en color negro con rodajas.','•	Para uso interno.\r\n•	Base giratoria de 5 puntas con rodajas.\r\n•	Consultar carta de tapices.','Sin medidas','Poliuretano inyectado.','Consultar carta de tapices,','products/gala-con-rodajas-1.jpg','2021-09-28 20:10:54.978310','2021-10-21','','',''),(145,'Breck rodajas','Labenze','Sillón con cuerpo en poliuretano inyectado y tapizado. Base giratoria de 5 puntas en aluminio o pintada en color negro con rodajas.','•	Para uso interno.\r\n•	Base giratoria de 5 puntas con rodajas.\r\n•	Consultar carta de tapices.','•	Altura total: 83 cm.\r\n•	Piso – asiento: 46 cm.\r\n•	Perfil: 60 cm.\r\n•	Ancho base: 61 cm.','Poliuretano inyectado.','Consultar carta de tapices,','products/BRECK-R10.jpg','2021-09-28 20:11:42.887593','2021-10-21','products/brek-6.jpg','products/brek-10.jpg','products/brek-con-rodajas-1.jpg'),(146,'Annette rodajas','Labenze','Sillón con cuerpo en poliuretano inyectado y tapizado. Base giratoria de 5 puntas en aluminio o pintada en color negro con rodajas.','•	Para uso interno.\r\n•	Base giratoria de 5 puntas con rodajas.\r\n•	Consultar carta de tapices.','•	Altura total: 79 cm.\r\n•	Piso – asiento: 46 cm.\r\n•	Perfil: 60 cm.\r\n•	Ancho base: 62 cm.','Poliuretano inyectado.','Consultar carta de tapices,','products/ANNETTE-R10_ZLPdyWx.jpg','2021-09-28 20:12:32.768291','2021-10-21','','',''),(147,'Amyopen rodajas','Labenze','Silla con cuerpo en poliuretano inyectado y tapizado. Base giratoria de 5 puntas en aluminio o pintada en color negro con rodajas.','•	Para uso interno.\r\n•	Base giratoria de 5 puntas con rodajas.\r\n•	Consultar carta de tapices.','•	Altura total: 83 cm.\r\n•	Piso – asiento: 46 cm.\r\n•	Perfil: 55 cm.\r\n•	Ancho base: 46cm.','Poliuretano inyectado.','Consultar carta de tapices,','products/amyopen-con-rodajas-1_1_Omxs3or.jpg','2021-09-28 20:13:19.841350','2021-10-12','products/amyopen-con-rodajas-1_ppzW9Rr.jpg','products/amyopen-con-rodajas-2_6wQss0h.jpg',''),(148,'Nell rodajas','Labenze','Silla con estructura interna en acero recubierto en poliurentano inyectado y tapizado.  Base giratoria de 5 puntas en aluminio o pintada en color negro con rodajas.','•	Para uso interno.\r\n•	Base giratoria de 5 puntas con rodajas.\r\n•	Consultar carta de tapices.','•	Altura total: 88 cm.\r\n•	Piso – asiento: 46 cm.\r\n•	Perfil: 59 cm.\r\n•	Ancho base: 47 cm.','Poliuretano inyectado.','Consultar carta de tapices,','products/Nell_rodajas_Labenze.png','2021-09-28 20:14:05.630165','2021-10-15','','',''),(149,'Areta giratoria','Labenze','Silla con asiento en polipropileno   y respaldo tapizado en malla. Base de 5 puntas pintada gris con rodajas, ajuste altura con pistón.','•	Para uso interno.\r\n•	Estructura acero cromo o pintada en color gris.\r\n•	Giratoria con elevación de pistón.','•	Altura total: 84-90 cm.\r\n•	Piso – asiento: 45-55 cm.\r\n•	Perfil: 57 cm.\r\n•	Ancho base: 49 cm.','Polipropileno y acero','Antracita, Azul, Bordeux, Gris, Negro, Naranja, Rojo, Blanco','products/areta-giratoria_malla_02.jpg','2021-09-28 20:14:52.566549','2021-10-15','products/areta-giratoria_malla_03.jpg','products/areta-giratoria_malla_04.jpg',''),(150,'Replay giratoria','Labenze','Silla con asiento y respaldo en polipropileno, con base giratoriaen tubular de acero cromo o pintado en color gris. Respaldo multiperforado.','•	Para uso interno.\r\n•	Estructura acero cromo o pintada en color gris.\r\n•	Giratoria.','•	Altura total: 84-90 cm.\r\n•	Piso – asiento: 45-55 cm.\r\n•	Perfil: 57 cm.\r\n•	Ancho base: 49 cm.','Polipropileno y acero','Negro, Blanco, Gris, Antracita, Naranja, Rojo, Azul Cielo, Amarillo, Azul Marino, Verde','products/REPLAY-R10.jpg','2021-09-28 20:15:36.586499','2021-10-21','','',''),(151,'RS-1500','Requiez','Sillón respaldo bajo en mesh con sistema de reclinamiento synchronico y bloqueo con perilla para regular tensión, respaldo ergonómico con ajuste de altura gradual, asiento acojinado y moldeado, descansa brazos con ajuste de altura con codera suave al tacto.','•	Synchro con bloqueo.\r\n•	Perilla para regular la tensión del reclinamiento.\r\n•	Asiento retardante de flama.\r\n•	Ajuste de altura neumática.\r\n•	Descanzabrazos con ajuste de altura.','•	Altura Piso-Asiento: 47 - 55 cm.\r\n•	Altura Fondo: 62 cm.\r\n•	Altura Frente: 68 cm.\r\n•	Altura Total: 89 – 103cm.','De 5 puntas, elaborada en nylon con cinturon de acero.\r\nAsiento de poliuretano inyectado de 53 kg/m3.\r\nCodera de poliuretano.\r\nFabricado con placa de acero Cal.10.','Consulta carta de tapices','products/RS-1500-FRONTAL.jpg','2021-09-28 20:16:19.718866','2021-10-15','products/RS-1500-TRES-CUARTOS.jpg','',''),(152,'RE-1100','Requiez','Sillón operativo respaldo en mesh, reclinamiento de contacto permanente con posiciones de bloqueo, descansa brazos fijos, estructura y base en poliamida y nylon color blanco mate. Rodamientos duales huecos de poliuretano suave para piso duros.','•	Mecanismo de reclinamiento de contacto permanente con bloqueo en 4 posiciones.\r\n•	Regulador de tensión.\r\n•	Elevación neumática.\r\n•	Respaldo medio con reclinamiento.','•	Altura Piso-Asiento: 38.5 - 47.5 cm.\r\n•	Altura Fondo: 62.5 - 63.5 cm.\r\n•	Altura Frente: 66 cm.\r\n•	Altura Total: 92.5 – 101.5cm.','De 5 puntas elaborada en nylon reforzado con cinturón de acero.\r\nBrazos fijos de polipropileno.\r\nAsiento tapizado en telas opcionales.\r\nPoliuretano inyectado de alta densidad 55kg m3.','Consulta carta de tapices','products/RE-1100-NG---tres-cuartos.jpg','2021-09-28 20:17:09.783205','2021-10-21','products/RE-1100-NG-FRENTE.jpg','',''),(153,'RS-680-45GR','Requiez','Silla operativa quadra versión banco alto con aro descansa pies opcionales en nylon o acero, ajuste de altura y profundidad de asiento, respaldo en mesh con ajuste de altura gradual.','•	Ajuste de altura de respaldo por medio de sistema lama.\r\n•	Asiento y Respaldo ergonómicamente diseñados para máximo confort con acojinamiento en el asiento de poliuretano inyectado de 53 kg/m3 de densidad con retardante de flama.\r\n•	Accesorios compatibles:\r\n•	RA-09 juego de brazos.\r\n•	RA-40/RA-45 descansa pies.RA-88 kit de rodajas para piso delicado.\r\nRA-90 kit de regaetones.','•	Altura Piso-Asiento: 47 – 60 cm.\r\n•	Altura Fondo: 60 cm.\r\n•	Altura Frente: 48 cm.\r\n•	Altura Total: 96 – 106 cm.','Poliuretano y tapiz de telas','Consulta carta de tapices','products/rs-680-45gr.png','2021-09-28 20:56:13.307550','2021-10-18','','',''),(154,'RM-9016','Requiez','Sillón ejecutivo staff con reclinamiento synchro, 3 posiciones de bloqueo, sistema antishock, asiento en mesh ajustable por sistema slider, ajuste de altura de respaldo mesh, ambos ergonómicos. Coderas de poliuretano tipo gel con movimiento 4D, base de 5 puntas en aluminio pulido.','•	Reclinamiento synchro, 3 posiciones de bloqueo, sistema antishock. \r\n•	Asiento en mesh ajustable por sistema slider, ajuste de altura de respaldo mesh, ambos ergonómicos.\r\n•	Coderas de poliuretano tipo gel con movimiento 4D.','•	Altura Piso-Asiento: 46 - 56 cm.\r\n•	Altura Fondo: 64 - 68 cm.\r\n•	Altura Frente: 66 cm.\r\n•	Altura Total: 102 - 112 cm.','De 5 puntas en aluminio pulido.','Gris y Verde','products/RM-9016-Tres-cuartos.jpg','2021-09-28 20:57:51.253740','2021-10-15','','',''),(155,'RM-9014','Requiez','Sillón ejecutivo staff con reclinamiento synchro, 3 posiciones de bloqueo, sistema antishock, asiento en mesh ajustable por sistema slider, ajuste de altura de respaldo mesh, ambos ergonómicos. Coderas de poliuretano tipo gel con movimiento 4D, base de 5 puntas en aluminio pulido.','•	Reclinamiento synchro, 3 posiciones de bloqueo, sistema antishock. \r\n•	Asiento en mesh ajustable por sistema slider, ajuste de altura de respaldo mesh, ambos ergonómicos.\r\n•	Coderas de poliuretano tipo gel con movimiento 4D.','•	Altura Piso-Asiento: 46 - 56 cm.\r\n•	Altura Fondo: 64 - 68 cm.\r\n•	Altura Frente: 66 cm.\r\n•	Altura Total: 102 - 112 cm.','De 5 puntas en aluminio pulido.','Gris y Verde','products/RM-9014-tres-cuartos.jpg','2021-09-28 20:58:50.118516','2021-10-12','products/RM-9014.jpg','',''),(156,'RE-3031','Requiez','Sillón con respaldo alto con mesh gris o negra, ajuste de altura y sistema de reclinamiento libre y bloqueo, brazos fijos de poliamida y base de 5 puntas en aluminio terminado en pintura electroestática negra. Rodamientos duales huecos de poliuretano suave para piso duros.','•	Sistema libre de reclinamiento de 7° a 10°.\r\n•	Mecanismo con ajuste de altura.                                                                                                                      \r\n•	Brazos fijos de poliamida.                                                                                                                                      \r\n•	Rodaja dual hueca.','•	Altura total: 93.5  - 105.5cm.\r\n•	Piso – asiento: 41 - 53 cm.\r\n•	Perfil: 71 cm.\r\n•	Ancho base: 71 cm.','Asiento y respaldo en una sola pieza con marco estructuran de poliamida negro.\r\nTapizado en mesh termoretractil Blanco / Gris','Gris y Negro','products/3031-1.jpg','2021-09-28 21:01:45.450723','2021-10-18','','',''),(157,'Sun lounger podio','Labenze','Producto especial.','Producto especial.','Producto especial.','Producto especial.','Producto especial.','products/Sunpodio_01.png','2021-09-28 21:33:23.098615','2021-10-08','products/Sunpodio_02.png','products/Sunpodio_03.png',''),(158,'Surfy','Labenze','Producto especial.','Producto especial.','Producto especial.','Producto especial.','Producto especial.','products/Surfy_01.png','2021-09-28 21:34:09.307236','2021-10-08','products/Surfy_02.png','products/Surfy_03.png',''),(159,'Set modelos Link','Labenze','Producto especial.','Producto especial.','Producto especial.','Producto especial.','Producto especial.','products/Link.png','2021-09-28 21:34:42.096198','2021-10-08','products/Link_2.png','products/Link_3.png','products/Link_5.png'),(160,'Choppy','Labenze','Producto especial.','Producto especial.','Producto especial.','Producto especial.','Producto especial.','products/Choppy_01.png','2021-09-28 21:35:51.929593','2021-10-08','products/Choppy_02.png','products/Choppy_03.png',''),(161,'Finferlo','Labenze','Producto especial.','Producto especial.','Producto especial.','Producto especial.','Producto especial.','products/Finferlo.png','2021-09-28 21:36:26.986187','2021-10-08','products/Finferlo_02.png','',''),(162,'Momy rosseto','Labenze','Producto especial.','Producto especial.','Producto especial.','Producto especial.','Producto especial.','products/momy_01.png','2021-09-28 21:37:11.156165','2021-10-08','products/momy_02.png','',''),(163,'Bob rosseto','Labenze','Producto especial.','Producto especial.','Producto especial.','Producto especial.','Producto especial.','products/Bob_01.png','2021-09-28 21:37:48.901597','2021-10-08','products/Bob_02.png','products/Bob_03.png',''),(164,'Paneles acústicos','Okamura','Producto especial.','Producto especial.','Producto especial.','Producto especial.','Producto especial.','products/Paneles_01.png','2021-09-28 21:39:15.056973','2021-10-08','products/Paneles_02.png','products/Paneles_03.png',''),(165,'Muffle A02','Okamura','Producto especial.','Producto especial.','Producto especial.','Producto especial.','Producto especial.','products/Muffle-A02.png','2021-09-28 21:39:47.952908','2021-10-12','products/muffle-a02.jpg','',''),(166,'Muffle A03','Okamura','Producto especial.','Producto especial.','Producto especial.','Producto especial.','Producto especial.','products/Muffle-A03.png','2021-09-28 21:40:21.908960','2021-10-12','products/muffle-a03.jpg','',''),(167,'Muffle B02','Okamura','Con personalidades y preferencias de estilo de trabajo tan diversas en la oficina, creemos que los entornos de trabajo deben ser adaptables. Muffle crea espacios dentro de oficinas abiertas que promueven diferentes niveles de concentración y colaboración.\r\nParte del trabajo se ve facilitado por un espacio aislado para la concentración individual. Otro trabajo es más adecuado para un entorno colaborativo más abierto. Muffle mejora el trabajo individual y grupal al proporcionar un espacio discreto con límites visuales y gestión acústica, complementado con soporte técnico integrado. Al reducir el exceso de estimulación sensorial, Muffle mitiga las distracciones y frena el estrés, mientras que la superficie acolchada y la tela suave crean un enfoque cálido y relajado. La multitud de opciones de color y diseño permite diversos espacios que satisfacen las necesidades de una variedad de trabajadores.','•	La mufla reduce la distracción del sonido con valores acústicos de NRC y SAA de 0,5.\r\n•	Los paneles circundantes vienen en varias opciones de altura para crear espacios con prácticamente cualquier grado de soledad o comunidad.','•	Largo total: 508.3 cm.\r\n•	Ancho cabinas: 210 cm.\r\n•	Altura cabina: 121.5 cm.\r\n•	Diámetro mesa: 90 cm.','Tela','•	Melocotón.\r\n•	Tomate.\r\n•	Frambuesa.\r\n•	Mermelada.\r\n•	Calabaza.\r\n•	Mostaza.\r\n•	Manzanilla.\r\n•	Pera\r\n•	Avena.\r\n•	Latte.\r\n•	Kiwi.\r\n•	Uva.\r\n•	Café.\r\n•	Marrón.\r\n•	Cacao.\r\n•	Vainilla.\r\n•	Hongo.\r\n•	Sésamo.\r\n•	Blackberry.\r\n•	Salvia.\r\n•	Ciruela.\r\n•	Índigo.\r\n•	Arándano.\r\n•	Huckleberry.\r\n•	Gris carbón.','products/muffle-b02.jpg','2021-09-28 21:41:15.945479','2021-10-18','','',''),(168,'Muffle C01','Okamura','Producto especial.','Producto especial.','Producto especial.','Producto especial.','Producto especial.','products/muffle-c01.jpg','2021-09-28 21:41:45.200733','2021-10-12','','',''),(169,'Muffle C02','Okamura','Producto especial.','Producto especial.','Producto especial.','Producto especial.','Producto especial.','products/muffle-c02.jpg','2021-09-28 21:44:59.734831','2021-10-12','','',''),(170,'Muffle B01','Okamura','Con personalidades y preferencias de estilo de trabajo tan diversas en la oficina, creemos que los entornos de trabajo deben ser adaptables. Muffle crea espacios dentro de oficinas abiertas que promueven diferentes niveles de concentración y colaboración.\r\nParte del trabajo se ve facilitado por un espacio aislado para la concentración individual. Otro trabajo es más adecuado para un entorno colaborativo más abierto. Muffle mejora el trabajo individual y grupal al proporcionar un espacio discreto con límites visuales y gestión acústica, complementado con soporte técnico integrado. Al reducir el exceso de estimulación sensorial, Muffle mitiga las distracciones y frena el estrés, mientras que la superficie acolchada y la tela suave crean un enfoque cálido y relajado. La multitud de opciones de color y diseño permite diversos espacios que satisfacen las necesidades de una variedad de trabajadores.','•	La mufla reduce la distracción del sonido con valores acústicos de NRC y SAA de 0,5.\r\n•	Los paneles circundantes vienen en varias opciones de altura para crear espacios con prácticamente cualquier grado de soledad o comunidad.','•	Largo total (media cabina y cabina frontal): 398.3 cm.\r\n•	Ancho media cabina: 201.6 cm.\r\n•	Altura media cabina: 121.5 cm.\r\n•	Altura cabina frontal: 121.5 cm.','Tela','•	Melocotón.\r\n•	Tomate.\r\n•	Frambuesa.\r\n•	Mermelada.\r\n•	Calabaza.\r\n•	Mostaza.\r\n•	Manzanilla.\r\n•	Pera\r\n•	Avena.\r\n•	Latte.\r\n•	Kiwi.\r\n•	Uva.\r\n•	Café.\r\n•	Marrón.\r\n•	Cacao.\r\n•	Vainilla.\r\n•	Hongo.\r\n•	Sésamo.\r\n•	Blackberry.\r\n•	Salvia.\r\n•	Ciruela.\r\n•	Índigo.\r\n•	Arándano.\r\n•	Huckleberry.\r\n•	Gris carbón.','products/muffle-b01_UEv2SoH.jpg','2021-09-28 21:45:33.202103','2021-10-21','products/Muffle-B01_cG0yPIW.png','',''),(171,'Muffle C05','Okamura','Producto especial.','Producto especial.','Producto especial.','Producto especial.','Producto especial.','products/Muffle-C05.png','2021-09-28 21:46:00.974390','2021-10-12','products/muffle-c05.jpg','',''),(172,'Panky','Labenze','Producto especial.','Producto especial.','Producto especial.','Producto especial.','Producto especial.','products/Panky_01.png','2021-09-30 21:47:55.982457','2021-10-08','products/Panky_02.png','products/Panky_03.png',''),(173,'Akami giratoria','Labenze','Producto especial.','Producto especial.','Producto especial.','Producto especial.','Producto especial.','products/Akami_01.png','2021-09-30 21:48:40.012133','2021-10-08','products/Akami_02.png','products/Akami_03.png',''),(174,'Versable','Labenze','Producto especial.','Producto especial.','Producto especial.','Producto especial.','Producto especial.','products/Versable.png','2021-09-30 21:49:21.488652','2021-10-08','products/Versable_2.png','products/Versable_3.png',''),(177,'Kanvas lounge','Labenze','Producto especial.','Producto especial.','Producto especial.','Producto especial.','Producto especial.','products/Kanvas-lounge.png','2021-09-30 21:54:49.261720','2021-10-08','products/Kanvas-lounge_2.png','',''),(179,'Nemo lateral','Labenze','Base elaborada en aluminio de 4 puntas con regatones, columna cuadrada con filos redondeados. Para uso interno y externo.','Base elaborada en aluminio de 4 puntas con regatones, columna cuadrada con filos redondeados. Para uso interno y externo.','•	H.73.\r\n•	H.110.\r\n•	H.50.\r\n•	Ancho base: 51 cm.','Aluminio','Blanco y antracita','products/Nemo-lateral.png','2021-09-30 21:55:54.272361','2021-10-18','products/Nemo-lateral_2.png','',''),(180,'3-pof mesa lateral','Labenze','Producto especial.','Producto especial.','Producto especial.','Producto especial.','Producto especial.','products/3-pod-mesa-lateral.png','2021-09-30 21:56:20.937234','2021-10-08','','',''),(181,'Cubierta Compact','Labenze','Producto especial.','Producto especial.','Producto especial.','Producto especial.','Producto especial.','products/mesas-compact-1.jpg','2021-09-30 21:56:45.772051','2021-10-20','products/mesas-compact-2.jpg','',''),(182,'Social-ize','Labenze','Producto especial.','Producto especial.','Producto especial.','Producto especial.','Producto especial.','products/Social-ize_01.png','2021-09-30 21:57:27.238595','2021-10-08','products/Social-ize_02.png','products/Social-ize_03.png',''),(184,'Sofía set','Labenze','Silla o sofá de 2 o 3 plazas con un sencillo\r\ndiseño elegante, creado para salas de espera, comunidades y el sector contract. los\r\nasiento y respaldo son de espuma de poliuretano, en los modelos con o sin\r\nbrazos, y se producen en la misma forma y tamaño para optimizar los costos y el almacén\r\ncepo. El marco está formado por una estructura tubular de sección cónica, con cromado\r\nacabado de acero.  También está disponible en la versión giratoria con cromado\r\nmarco y base. La tapicería comprende una amplia variedad de tejidos lisos o estampados.\r\ny colores.','•	Para uso interno.\r\n•	Estructura tubular cromo o pintada en color negro.\r\n•	Consultar carta de tepices.','• Altura total: 77 cm.\r\n• Piso – asiento: 45.5 cm.\r\n• Perfil: 55 cm.\r\n• Ancho base: 74 cm.','Poliuretano inyectado.','Consultar carta de tapices.','products/Sofia-Set_2_xGsYqjs.png','2021-10-01 14:33:16.074621','2021-10-21','products/Sofia-Set_pZUMB8d.png','',''),(186,'RE-1360','Requiez','Sillón ejecutivo quadra respaldo alto y medio mesh, mecanismo multimodal, asiento acojinado con diseño ergonómico,descansabrazos 2D ajuste vertical y frontal, base de aluminio pulido. Cuerpo en polipropileno color gris.','•	Multimodal, elaborado con placa de acero cal. 10.\r\n•	Elevación neumática\r\n•	Ajuste independiente de ángulo asiento/respaldo.\r\n•	Reclinamiento mecánico del respaldo (Contacto permanente)\r\n•	Ajuste de respaldo por sistema lama.','•	Altura Piso-Asiento: 44 – 55 cm.\r\n•	Altura Fondo: 60 cm -64 cm.\r\n•	Altura Frente: 60 cm -64 cm.\r\n•	Altura Total: 116 – 120 cm.','Base de aluminio pulido de 5 puntas.\r\nRespado en mesh de poliester.\r\nAsiento de poliuretano inyectado de 53 kg/m3.','Consulta carta de tapices','products/1360-1.jpg','2021-10-01 15:47:00.888049','2021-10-18','products/1360-2.jpg','products/1360-3.jpg','products/1360-4.jpg');
/*!40000 ALTER TABLE `products_product` ENABLE KEYS */;
UNLOCK TABLES;

--
-- Table structure for table `products_product_categories`
--

DROP TABLE IF EXISTS `products_product_categories`;
/*!40101 SET @saved_cs_client     = @@character_set_client */;
/*!50503 SET character_set_client = utf8mb4 */;
CREATE TABLE `products_product_categories` (
  `id` bigint NOT NULL AUTO_INCREMENT,
  `product_id` bigint NOT NULL,
  `category_id` bigint NOT NULL,
  PRIMARY KEY (`id`),
  UNIQUE KEY `products_product_categories_product_id_category_id_a1f87bda_uniq` (`product_id`,`category_id`),
  KEY `products_product_cat_category_id_27982bed_fk_products_` (`category_id`),
  CONSTRAINT `products_product_cat_category_id_27982bed_fk_products_` FOREIGN KEY (`category_id`) REFERENCES `products_category` (`id`),
  CONSTRAINT `products_product_cat_product_id_50ef8156_fk_products_` FOREIGN KEY (`product_id`) REFERENCES `products_product` (`id`)
) ENGINE=InnoDB AUTO_INCREMENT=2 DEFAULT CHARSET=utf8mb4 COLLATE=utf8mb4_0900_ai_ci;
/*!40101 SET character_set_client = @saved_cs_client */;

--
-- Dumping data for table `products_product_categories`
--

LOCK TABLES `products_product_categories` WRITE;
/*!40000 ALTER TABLE `products_product_categories` DISABLE KEYS */;
/*!40000 ALTER TABLE `products_product_categories` ENABLE KEYS */;
UNLOCK TABLES;

--
-- Table structure for table `products_product_category`
--

DROP TABLE IF EXISTS `products_product_category`;
/*!40101 SET @saved_cs_client     = @@character_set_client */;
/*!50503 SET character_set_client = utf8mb4 */;
CREATE TABLE `products_product_category` (
  `id` bigint NOT NULL AUTO_INCREMENT,
  `product_id` bigint NOT NULL,
  `category_id` bigint NOT NULL,
  PRIMARY KEY (`id`),
  UNIQUE KEY `products_product_categor_product_id_subcategory_i_3cdd8bf9_uniq` (`product_id`,`category_id`),
  KEY `products_product_cat_subcategory_id_c00a3e88_fk_products_` (`category_id`),
  CONSTRAINT `products_product_cat_product_id_08fb2842_fk_products_` FOREIGN KEY (`product_id`) REFERENCES `products_product` (`id`)
) ENGINE=InnoDB AUTO_INCREMENT=536 DEFAULT CHARSET=utf8mb4 COLLATE=utf8mb4_0900_ai_ci;
/*!40101 SET character_set_client = @saved_cs_client */;

--
-- Dumping data for table `products_product_category`
--

LOCK TABLES `products_product_category` WRITE;
/*!40000 ALTER TABLE `products_product_category` DISABLE KEYS */;
INSERT INTO `products_product_category` VALUES (1,1,1),(230,1,2),(231,1,6),(2,1,14),(3,1,30),(4,2,1),(5,3,1),(232,3,2),(233,3,3),(234,3,5),(235,3,6),(236,3,8),(7,3,14),(8,3,17),(9,3,21),(10,3,27),(11,4,1),(237,4,2),(238,4,3),(239,4,5),(240,4,6),(241,4,8),(13,4,14),(14,4,17),(15,4,21),(16,4,24),(17,4,30),(18,5,1),(242,5,2),(243,5,3),(244,5,5),(245,5,6),(246,5,8),(20,5,14),(21,5,17),(22,5,21),(23,5,24),(24,5,30),(25,6,1),(247,6,2),(248,6,3),(249,6,5),(250,6,6),(251,6,8),(27,6,14),(28,6,17),(29,6,18),(30,6,19),(31,6,21),(32,6,24),(33,6,30),(34,7,1),(252,7,2),(35,7,14),(36,8,1),(253,8,2),(254,8,3),(39,8,14),(37,8,18),(38,8,19),(40,9,1),(255,9,6),(41,9,30),(42,10,1),(256,10,6),(43,10,30),(44,11,1),(45,12,1),(257,12,6),(46,12,14),(47,13,1),(48,14,1),(258,14,2),(49,14,14),(50,15,1),(259,15,2),(260,15,6),(51,15,14),(52,15,30),(53,16,1),(54,16,2),(262,16,3),(263,16,6),(261,16,8),(56,16,17),(57,16,30),(58,17,1),(264,17,2),(265,17,3),(59,17,14),(60,17,17),(64,19,1),(65,20,1),(267,21,1),(67,21,3),(268,21,5),(69,21,8),(70,21,21),(71,21,22),(72,21,23),(269,22,1),(74,22,3),(270,22,5),(77,22,8),(78,22,15),(79,22,16),(80,22,21),(81,22,22),(82,22,23),(271,23,1),(272,23,3),(273,23,5),(84,23,8),(85,23,15),(86,23,16),(87,23,21),(88,23,22),(89,23,23),(90,23,24),(274,24,1),(92,24,3),(275,24,5),(93,24,6),(94,24,8),(95,24,10),(96,24,15),(97,24,16),(98,24,21),(99,24,22),(100,24,23),(101,24,28),(276,25,1),(103,25,3),(277,25,5),(278,25,6),(104,25,15),(105,25,16),(106,25,21),(107,25,22),(108,25,23),(109,25,28),(279,26,1),(111,26,3),(280,26,5),(112,26,6),(113,26,8),(114,26,15),(115,26,16),(116,26,21),(117,26,22),(118,26,23),(119,26,27),(281,27,1),(121,27,3),(282,27,5),(123,27,8),(124,27,16),(125,27,21),(283,28,1),(127,28,3),(284,28,5),(128,28,6),(130,28,8),(131,28,15),(132,28,21),(133,28,22),(134,28,23),(135,28,24),(136,28,28),(285,29,1),(286,29,5),(141,29,8),(142,29,10),(143,29,21),(144,29,22),(145,29,23),(146,29,24),(287,30,1),(147,30,3),(288,30,5),(148,30,6),(150,30,8),(151,30,15),(152,30,21),(153,30,22),(154,30,23),(155,30,24),(156,30,28),(289,31,1),(290,31,3),(158,31,6),(159,31,8),(160,31,15),(161,31,28),(291,32,1),(163,32,3),(164,32,6),(165,32,8),(166,32,15),(167,32,16),(168,32,28),(292,33,1),(293,33,3),(169,33,8),(172,33,15),(294,34,1),(173,34,2),(295,34,3),(174,34,14),(175,34,15),(296,35,1),(297,35,3),(177,35,6),(178,35,8),(179,35,15),(180,35,28),(298,36,1),(181,36,2),(182,36,3),(184,36,8),(185,36,14),(186,36,15),(299,37,1),(300,37,6),(188,37,27),(301,38,1),(302,39,1),(303,39,6),(190,39,27),(535,40,9),(305,41,1),(196,41,8),(306,42,1),(308,43,1),(307,43,8),(309,44,1),(203,44,3),(310,44,6),(202,44,16),(204,44,28),(311,45,1),(207,45,3),(312,45,6),(205,45,16),(206,45,27),(313,46,1),(316,48,1),(315,48,8),(317,49,1),(319,50,1),(318,50,8),(507,51,9),(321,52,8),(219,52,22),(220,52,23),(322,53,8),(323,54,8),(222,54,11),(226,56,3),(225,56,8),(227,57,7),(229,58,3),(228,58,8),(325,59,3),(326,59,7),(324,59,8),(328,60,3),(327,60,8),(330,61,3),(331,61,7),(329,61,8),(333,62,3),(332,62,8),(335,63,3),(334,63,8),(337,64,3),(338,64,7),(336,64,8),(340,65,3),(339,65,8),(342,66,7),(341,66,8),(343,67,8),(345,68,4),(344,68,8),(346,69,8),(348,70,4),(349,70,7),(347,70,8),(350,71,8),(352,72,2),(351,72,8),(353,73,8),(355,74,2),(354,74,8),(356,75,8),(357,76,8),(359,77,3),(360,77,5),(358,77,8),(361,78,8),(362,79,8),(364,80,7),(363,80,8),(365,81,8),(366,82,8),(367,83,8),(369,84,3),(370,84,4),(371,84,5),(368,84,8),(372,85,8),(463,86,5),(373,86,8),(509,87,9),(375,88,8),(376,89,8),(377,90,8),(378,91,8),(379,92,8),(380,93,8),(381,94,8),(382,95,8),(383,96,8),(384,97,8),(385,98,8),(386,99,8),(388,100,4),(389,100,7),(387,100,8),(390,101,8),(392,102,2),(393,102,4),(391,102,8),(394,103,8),(395,104,8),(396,105,8),(398,106,3),(399,106,5),(397,106,8),(400,107,8),(402,108,2),(401,108,8),(403,109,2),(404,110,2),(405,111,2),(406,112,2),(407,113,2),(408,114,2),(409,114,5),(410,114,6),(411,115,3),(412,116,3),(413,117,3),(414,118,3),(415,118,4),(416,119,3),(417,119,4),(418,120,3),(419,120,4),(420,121,3),(421,122,3),(422,123,4),(423,123,5),(424,123,6),(425,124,4),(426,125,4),(427,126,6),(428,127,6),(429,128,6),(430,129,6),(431,130,6),(432,131,6),(433,132,6),(434,133,6),(436,135,6),(437,136,6),(438,137,6),(439,138,6),(440,139,6),(442,141,6),(443,142,6),(444,143,6),(445,144,7),(446,145,7),(447,146,7),(448,147,7),(449,148,7),(450,149,7),(451,150,7),(452,151,7),(453,152,7),(454,153,2),(455,153,3),(456,153,4),(458,154,7),(457,154,8),(460,155,7),(459,155,8),(462,156,3),(461,156,8),(528,157,9),(529,158,9),(525,159,9),(511,160,9),(512,161,9),(514,162,9),(510,163,9),(523,164,9),(515,165,9),(516,166,9),(532,167,8),(519,168,9),(520,169,9),(531,170,8),(521,171,9),(524,172,9),(506,173,9),(530,174,9),(513,177,9),(534,179,8),(505,180,9),(498,181,8),(527,182,9),(533,184,6),(504,186,3),(503,186,8);
/*!40000 ALTER TABLE `products_product_category` ENABLE KEYS */;
UNLOCK TABLES;

--
-- Table structure for table `products_product_certifications`
--

DROP TABLE IF EXISTS `products_product_certifications`;
/*!40101 SET @saved_cs_client     = @@character_set_client */;
/*!50503 SET character_set_client = utf8mb4 */;
CREATE TABLE `products_product_certifications` (
  `id` bigint NOT NULL AUTO_INCREMENT,
  `product_id` bigint NOT NULL,
  `certification_id` bigint NOT NULL,
  PRIMARY KEY (`id`),
  UNIQUE KEY `products_product_certifi_product_id_certification_e6f47217_uniq` (`product_id`,`certification_id`),
  KEY `products_product_cer_certification_id_b260e165_fk_products_` (`certification_id`),
  CONSTRAINT `products_product_cer_certification_id_b260e165_fk_products_` FOREIGN KEY (`certification_id`) REFERENCES `products_certification` (`id`),
  CONSTRAINT `products_product_cer_product_id_c0f01d57_fk_products_` FOREIGN KEY (`product_id`) REFERENCES `products_product` (`id`)
) ENGINE=InnoDB AUTO_INCREMENT=116 DEFAULT CHARSET=utf8mb4 COLLATE=utf8mb4_0900_ai_ci;
/*!40101 SET character_set_client = @saved_cs_client */;

--
-- Dumping data for table `products_product_certifications`
--

LOCK TABLES `products_product_certifications` WRITE;
/*!40000 ALTER TABLE `products_product_certifications` DISABLE KEYS */;
INSERT INTO `products_product_certifications` VALUES (5,1,2),(2,2,2),(6,4,2),(7,4,3),(8,6,2),(9,6,4),(10,8,1),(11,8,2),(12,8,4),(13,9,2),(14,11,2),(15,12,2),(16,13,2),(17,14,2),(18,20,2),(19,21,2),(20,22,2),(21,23,2),(22,24,2),(23,25,2),(24,27,2),(25,28,2),(26,30,2),(27,31,2),(28,32,2),(29,33,2),(30,40,6),(31,43,2),(32,44,2),(33,45,2),(34,46,2),(35,48,2),(36,48,4),(37,49,2),(38,49,4),(39,50,2),(40,53,2),(41,56,3),(42,57,3),(43,58,3),(44,59,3),(45,60,3),(46,61,3),(47,64,5),(48,65,5),(49,66,5),(50,67,5),(51,68,3),(52,69,3),(53,70,3),(54,71,2),(55,72,5),(56,73,5),(57,74,5),(58,75,5),(59,76,2),(60,77,2),(61,79,5),(62,80,5),(63,81,5),(64,82,3),(65,86,2),(67,88,2),(68,89,5),(69,90,5),(70,91,3),(71,91,5),(72,93,3),(73,94,5),(74,95,5),(75,96,5),(76,99,2),(77,99,4),(78,106,2),(79,108,3),(80,109,2),(81,110,3),(82,116,2),(83,119,3),(84,120,3),(85,121,3),(86,123,2),(87,125,3),(88,126,2),(89,127,2),(90,128,2),(91,130,2),(92,130,4),(93,131,4),(94,133,2),(95,135,2),(96,136,2),(97,137,4),(99,141,2),(100,142,2),(101,143,2),(102,145,2),(103,146,2),(104,147,2),(105,149,2),(106,151,3),(107,152,3),(108,153,3),(109,154,3),(110,154,5),(111,155,3),(112,155,5),(115,167,5),(114,170,5),(113,186,3);
/*!40000 ALTER TABLE `products_product_certifications` ENABLE KEYS */;
UNLOCK TABLES;

--
-- Table structure for table `products_product_subcategory`
--

DROP TABLE IF EXISTS `products_product_subcategory`;
/*!40101 SET @saved_cs_client     = @@character_set_client */;
/*!50503 SET character_set_client = utf8mb4 */;
CREATE TABLE `products_product_subcategory` (
  `id` bigint NOT NULL AUTO_INCREMENT,
  `product_id` bigint NOT NULL,
  `subcategory_id` bigint NOT NULL,
  PRIMARY KEY (`id`)
) ENGINE=InnoDB AUTO_INCREMENT=461 DEFAULT CHARSET=utf8mb4 COLLATE=utf8mb4_0900_ai_ci;
/*!40101 SET character_set_client = @saved_cs_client */;

--
-- Dumping data for table `products_product_subcategory`
--

LOCK TABLES `products_product_subcategory` WRITE;
/*!40000 ALTER TABLE `products_product_subcategory` DISABLE KEYS */;
INSERT INTO `products_product_subcategory` VALUES (1,56,5),(2,56,7),(3,56,11),(4,56,18),(5,56,19),(6,58,18),(7,58,19),(8,58,5),(9,1,1),(10,1,14),(11,1,30),(12,2,1),(13,3,1),(14,3,9),(15,3,14),(16,3,17),(17,3,21),(18,3,24),(19,3,27),(20,4,1),(21,4,9),(22,4,14),(23,4,17),(24,4,21),(25,4,24),(26,5,1),(27,5,9),(28,5,14),(29,5,17),(30,5,21),(31,5,24),(32,5,30),(33,6,1),(34,6,9),(35,6,14),(36,6,17),(37,6,18),(38,6,19),(39,6,21),(40,6,24),(41,6,30),(42,7,1),(43,7,14),(44,8,1),(45,8,18),(46,8,19),(47,8,14),(48,9,1),(49,9,30),(50,10,1),(51,10,30),(52,11,1),(53,12,1),(54,12,14),(55,13,1),(56,14,1),(57,14,14),(58,15,1),(59,15,14),(60,15,30),(61,16,1),(62,16,2),(63,16,9),(64,16,17),(65,16,30),(66,17,1),(67,17,14),(68,17,17),(72,19,1),(73,20,1),(74,21,2),(75,21,3),(76,21,7),(77,21,15),(78,21,21),(79,21,22),(80,21,23),(81,22,2),(82,22,3),(83,22,6),(84,22,7),(85,22,8),(86,22,15),(87,22,16),(88,22,21),(89,22,22),(90,22,23),(91,23,2),(92,23,3),(93,23,6),(94,23,8),(95,23,15),(96,23,16),(97,23,21),(98,23,22),(99,23,23),(100,23,24),(101,24,2),(102,24,3),(103,24,6),(104,24,8),(105,24,10),(106,24,15),(107,24,16),(108,24,21),(109,24,22),(110,24,23),(111,24,24),(112,24,28),(113,25,2),(114,25,3),(115,25,15),(116,25,16),(117,25,21),(118,25,22),(119,25,23),(120,25,28),(121,26,2),(122,26,3),(123,26,6),(124,26,8),(125,26,15),(126,26,16),(127,26,21),(128,26,22),(129,26,23),(130,26,27),(131,27,2),(132,27,3),(133,27,6),(134,27,8),(135,27,15),(136,27,21),(137,28,2),(138,28,3),(139,28,6),(140,28,7),(141,28,8),(142,28,15),(143,28,21),(144,28,22),(145,28,23),(146,28,24),(147,28,28),(148,29,2),(149,29,3),(150,29,6),(151,29,7),(152,29,8),(153,29,10),(154,29,21),(155,29,22),(156,29,23),(157,29,24),(158,30,3),(159,30,6),(160,30,7),(161,30,8),(162,30,15),(163,30,21),(164,30,22),(165,30,23),(166,30,24),(167,30,28),(168,31,2),(169,31,6),(170,31,8),(171,31,15),(172,31,28),(173,32,2),(174,32,3),(175,32,6),(176,32,8),(177,32,15),(178,32,16),(179,32,28),(180,33,8),(181,33,2),(182,33,6),(183,33,15),(184,34,2),(185,34,14),(186,34,15),(187,35,2),(188,35,6),(189,35,8),(190,35,15),(191,35,28),(192,36,2),(193,36,3),(194,36,6),(195,36,8),(196,36,14),(197,36,15),(198,37,2),(199,37,27),(200,38,2),(201,39,27),(202,39,2),(203,39,3),(207,41,8),(208,41,2),(209,41,6),(210,42,3),(211,43,9),(212,43,3),(213,44,16),(214,44,3),(215,44,28),(216,45,16),(217,45,27),(218,45,3),(219,45,4),(220,46,3),(221,46,4),(223,48,4),(224,48,5),(225,49,4),(226,50,4),(227,50,5),(229,52,5),(232,53,5),(233,54,11),(234,54,5),(235,54,7),(236,59,18),(237,59,19),(238,59,5),(239,60,18),(240,60,19),(241,60,5),(242,61,18),(243,61,19),(244,61,5),(245,62,5),(246,62,7),(247,62,11),(248,62,18),(249,62,19),(250,63,18),(251,63,19),(252,63,5),(253,63,7),(254,64,18),(255,64,19),(256,64,5),(257,65,18),(258,65,19),(259,65,5),(260,66,5),(261,67,11),(262,67,5),(263,68,26),(264,68,5),(265,69,5),(266,70,26),(267,70,5),(268,71,8),(269,71,6),(270,72,12),(271,72,13),(272,72,14),(273,73,8),(274,73,6),(275,74,6),(276,74,8),(277,74,10),(278,74,12),(279,74,13),(280,75,8),(281,75,11),(282,75,6),(283,76,7),(284,77,16),(285,77,23),(286,77,22),(287,77,7),(288,78,7),(289,79,11),(290,79,7),(291,80,11),(292,80,7),(293,81,7),(294,82,7),(295,83,9),(296,84,9),(297,84,15),(298,84,17),(299,84,21),(300,84,24),(301,84,25),(302,85,10),(303,86,10),(305,88,10),(306,89,10),(307,90,10),(308,91,11),(309,92,11),(310,93,11),(311,94,11),(312,95,11),(313,96,11),(314,97,11),(315,98,5),(316,99,5),(317,100,26),(318,100,5),(319,101,5),(320,102,13),(321,102,26),(322,102,12),(323,102,5),(324,103,5),(325,104,5),(326,105,5),(327,106,5),(328,106,15),(329,106,18),(330,106,19),(331,106,22),(332,106,23),(333,107,5),(334,108,13),(335,108,12),(336,108,5),(337,109,12),(338,109,13),(339,110,12),(340,110,13),(341,110,14),(342,111,12),(343,111,13),(344,112,12),(345,112,13),(346,113,14),(347,114,23),(348,114,28),(349,114,14),(350,114,22),(351,115,16),(352,116,16),(353,117,17),(354,118,26),(355,118,20),(356,119,26),(357,119,20),(358,120,26),(359,120,20),(360,121,20),(361,122,20),(362,123,24),(363,123,25),(364,123,30),(365,124,26),(366,125,26),(367,126,27),(368,127,27),(369,128,27),(370,129,27),(371,130,27),(372,131,27),(373,132,27),(374,133,27),(376,135,28),(377,136,28),(378,137,28),(379,138,30),(380,139,30),(382,141,30),(383,142,30),(384,143,30),(385,153,12),(386,153,13),(387,153,14),(388,153,20),(389,153,26),(390,154,11),(391,154,7),(392,155,11),(393,155,7),(394,156,18),(395,156,19),(396,156,5),(397,156,7),(398,86,5),(399,86,22),(400,86,23),(445,181,10),(451,186,5),(452,186,7),(453,186,11),(454,186,18),(455,186,19),(456,170,7),(457,167,8),(458,167,6),(459,184,28),(460,179,10);
/*!40000 ALTER TABLE `products_product_subcategory` ENABLE KEYS */;
UNLOCK TABLES;

--
-- Table structure for table `products_subcategory`
--

DROP TABLE IF EXISTS `products_subcategory`;
/*!40101 SET @saved_cs_client     = @@character_set_client */;
/*!50503 SET character_set_client = utf8mb4 */;
CREATE TABLE `products_subcategory` (
  `id` bigint NOT NULL AUTO_INCREMENT,
  `name` varchar(150) NOT NULL,
  `image` varchar(100) DEFAULT NULL,
  `created` datetime(6) NOT NULL,
  `updated` date NOT NULL,
  PRIMARY KEY (`id`)
) ENGINE=InnoDB AUTO_INCREMENT=31 DEFAULT CHARSET=utf8mb4 COLLATE=utf8mb4_0900_ai_ci;
/*!40101 SET character_set_client = @saved_cs_client */;

--
-- Dumping data for table `products_subcategory`
--

LOCK TABLES `products_subcategory` WRITE;
/*!40000 ALTER TABLE `products_subcategory` DISABLE KEYS */;
INSERT INTO `products_subcategory` VALUES (1,'Ambientes Exterior','subcategories/Hotelería__ambientes_exterior.png','2021-09-18 18:59:39.826387','2021-10-11'),(2,'Áreas Lounge','subcategories/Hotelería_áreas_lounge.png','2021-09-18 18:59:47.622687','2021-10-11'),(3,'Habitaciones','subcategories/Hotelería_habitaciones.png','2021-09-18 18:59:54.494779','2021-10-11'),(4,'Eventos','subcategories/Hotelería__eventos.png','2021-09-18 19:00:00.862594','2021-10-11'),(5,'Espacios de Trabajo','subcategories/Oficinas_espacios_de_trabajo.png','2021-09-18 19:00:18.546151','2021-10-11'),(6,'Colaborativas','subcategories/Oficinas_colaborativas.png','2021-09-18 19:00:28.533908','2021-10-11'),(7,'Reunión','subcategories/Oficinas_reunión.png','2021-09-18 19:00:39.850476','2021-10-11'),(8,'Lounge','subcategories/Oficinas_lounge.png','2021-09-18 19:00:50.364787','2021-10-11'),(9,'Work Café','subcategories/Oficinas_workcafe.png','2021-09-18 19:00:58.789286','2021-10-11'),(10,'Cabinas','subcategories/Oficinas_cabinas.png','2021-09-18 19:01:08.676970','2021-10-11'),(11,'Oficina Ejecutiva','subcategories/Oficinas_oficina_ejecutiva.png','2021-09-18 19:01:15.693361','2021-10-11'),(12,'Auditorios','subcategories/Education_auditorios.png','2021-09-18 19:01:35.459983','2021-10-11'),(13,'Pupitre','subcategories/Education_pupitre.png','2021-09-18 19:01:44.426565','2021-10-11'),(14,'Áreas Comunes','subcategories/Education_áreas_comunes.png','2021-09-18 19:01:56.248482','2021-10-11'),(15,'Lounge / Espera','subcategories/Hotelería_áreas_lounge_9cRlRvN.png','2021-09-18 19:02:17.701567','2021-10-11'),(16,'Habitaciones','subcategories/Health_care_habitaciones.png','2021-09-18 19:02:28.054116','2021-10-11'),(17,'Cafeterías','subcategories/Health_care_cafeterías.png','2021-09-18 19:02:37.679605','2021-10-11'),(18,'Clínicas','subcategories/Health_care_clínicas.png','2021-09-18 19:02:45.436273','2021-10-11'),(19,'Consultorios','subcategories/Health_care_consultorios.png','2021-09-18 19:02:56.913212','2021-10-11'),(20,'Laboratorios','subcategories/Health_care_laboratorios.png','2021-09-18 19:03:05.428719','2021-10-11'),(21,'Bares y Restaurantes','subcategories/Comercial_Bares_y_restaurantes.png','2021-09-18 19:03:23.131992','2021-10-11'),(22,'Agencias','subcategories/Comercial_Agencias.png','2021-09-18 19:03:34.312088','2021-10-11'),(23,'Puntos de Venta','subcategories/Comercial_puntos_de_venta.png','2021-09-18 19:03:40.975332','2021-10-11'),(24,'Plazas Comerciales','subcategories/Comercial_plazas_comerciales.png','2021-09-18 19:03:47.411626','2021-10-11'),(25,'Comedores Industriales','subcategories/Industrial_Comedores_industriales.png','2021-09-18 19:04:09.709132','2021-10-11'),(26,'Áreas Productivas','subcategories/Industrial_Areas_productivas.png','2021-09-18 19:04:17.559161','2021-10-11'),(27,'Comedores','subcategories/Residencial_Comedores.png','2021-09-18 19:04:33.989637','2021-10-11'),(28,'Salas','subcategories/Residencial_Salas.png','2021-09-18 19:04:42.815243','2021-10-11'),(30,'Exterior','subcategories/Residencial_Exterior.png','2021-09-18 19:04:58.152222','2021-10-11');
/*!40000 ALTER TABLE `products_subcategory` ENABLE KEYS */;
UNLOCK TABLES;
/*!40103 SET TIME_ZONE=@OLD_TIME_ZONE */;

/*!40101 SET SQL_MODE=@OLD_SQL_MODE */;
/*!40014 SET FOREIGN_KEY_CHECKS=@OLD_FOREIGN_KEY_CHECKS */;
/*!40014 SET UNIQUE_CHECKS=@OLD_UNIQUE_CHECKS */;
/*!40101 SET CHARACTER_SET_CLIENT=@OLD_CHARACTER_SET_CLIENT */;
/*!40101 SET CHARACTER_SET_RESULTS=@OLD_CHARACTER_SET_RESULTS */;
/*!40101 SET COLLATION_CONNECTION=@OLD_COLLATION_CONNECTION */;
/*!40111 SET SQL_NOTES=@OLD_SQL_NOTES */;

-- Dump completed on 2022-07-19 17:09:26
